date,usd_idr_rate,day_name,day_of_week,month,year,quarter,return,log_return,return_next,direction_next,volatility_7d
2021-09-01,14284,Wednesday,2,9,2021,3,,,-0.00021002520302437766,0,
2021-09-02,14281,Thursday,3,9,2021,3,-0.00021002520302437766,-0.00021004726140592847,-0.001400462152510329,0,
2021-09-03,14261,Friday,4,9,2021,3,-0.001400462152510329,-0.0014014437161661679,-0.0015426688170534497,0,
2021-09-06,14239,Monday,0,9,2021,3,-0.0015426688170534497,-0.0015438599557723231,-0.0030901046421799583,0,
2021-09-07,14195,Tuesday,1,9,2021,3,-0.0030901046421799583,-0.0030948888739230737,0.005001761183515363,1,
2021-09-08,14266,Wednesday,2,9,2021,3,0.005001761183515363,0.004989293930911906,0.00042058040095338534,1,
2021-09-09,14272,Thursday,3,9,2021,3,0.00042058040095338534,0.00042049198180725686,-0.0032931614349775984,0,
2021-09-10,14225,Friday,4,9,2021,3,-0.0032931614349775984,-0.003298595825258965,0.002460456942003475,1,0.0028128637996350835
2021-09-13,14260,Monday,0,9,2021,3,0.002460456942003475,0.00245743497375522,-0.00021037868162687712,0,0.0030442874098998663
2021-09-14,14257,Tuesday,1,9,2021,3,-0.00021037868162687712,-0.00021040081432593843,-0.0003507049168829379,0,0.0029995681829821223
2021-09-15,14252,Wednesday,2,9,2021,3,-0.0003507049168829379,-0.00035076642823427684,-0.0009823182711198308,0,0.0029330377417680535
2021-09-16,14238,Thursday,3,9,2021,3,-0.0009823182711198308,-0.0009828010619080888,-0.00035117291754460656,0,0.002639944965402836
2021-09-17,14233,Friday,4,9,2021,3,-0.00035117291754460656,-0.00035123459319324926,0.0012646666198272705,1,0.0017120613082951975
2021-09-20,14251,Monday,0,9,2021,3,0.0012646666198272705,0.0012638676025869577,-0.0004911936004491357,0,0.0018011062512818298
2021-09-21,14244,Tuesday,1,9,2021,3,-0.0004911936004491357,-0.000491314275543871,0.000351024992979454,1,0.0012165377933856354
2021-09-22,14249,Wednesday,2,9,2021,3,0.000351024992979454,0.0003509633981204076,0.0004912625447399677,1,0.000722659928494846
2021-09-23,14256,Thursday,3,9,2021,3,0.0004912625447399677,0.0004911419148017321,-0.00042087542087543284,0,0.0007544031419639113
2021-09-24,14250,Friday,4,9,2021,3,-0.00042087542087543284,-0.00042096401379397466,0.0005614035087719849,1,0.0007601323822640668
2021-09-27,14258,Monday,0,9,2021,3,0.0005614035087719849,0.0005612459807772427,0.0007714967036049902,1,0.0006502865836488632
2021-09-28,14269,Tuesday,1,9,2021,3,0.0007714967036049902,0.0007711992530014285,0.0026631158455392434,1,0.000629613198270724
2021-09-29,14307,Wednesday,2,9,2021,3,0.0026631158455392434,0.002659576035758796,0.0009785419724610556,1,0.0010463281478569043
2021-09-30,14321,Thursday,3,9,2021,3,0.0009785419724610556,0.0009780635123685373,-0.00041896515606454354,0,0.0009424362287564821
2021-10-01,14315,Friday,4,10,2021,4,-0.00041896515606454354,-0.00041905294648715,-0.002724414949353826,0,0.001039466021183695
2021-10-04,14276,Monday,0,10,2021,4,-0.002724414949353826,-0.002728132922164461,-0.0011207621182404148,0,0.0016560217934469012
2021-10-05,14260,Tuesday,1,10,2021,4,-0.0011207621182404148,-0.001121390641764047,-0.0010518934081346076,0,0.001719749393956841
2021-10-06,14245,Wednesday,2,10,2021,4,-0.0010518934081346076,-0.0010524470362782274,-0.0004914004914005066,0,0.001755434839049043
2021-10-07,14238,Thursday,3,10,2021,4,-0.0004914004914005066,-0.0004915212681901174,-0.0009130495856159992,0,0.0017116891134728966
2021-10-08,14225,Friday,4,10,2021,4,-0.0009130495856159992,-0.0009134666692869377,-0.0010544815465729496,0,0.0011027432005151097
2021-10-11,14210,Monday,0,10,2021,4,-0.0010544815465729496,-0.0010550379033853635,0.0004926108374383453,1,0.0007663059394990773
2021-10-12,14217,Tuesday,1,10,2021,4,0.0004926108374383453,0.00049248954455159,0.000281353309418364,1,0.0009572608482801968
2021-10-13,14221,Wednesday,2,10,2021,4,0.000281353309418364,0.00028131373699838387,-0.004641023837986036,0,0.000676681101264971
2021-10-14,14155,Thursday,3,10,2021,4,-0.004641023837986036,-0.004651826826696295,-0.005015895443306273,0,0.0017056359363194602
2021-10-15,14084,Friday,4,10,2021,4,-0.005015895443306273,-0.005028517271056866,0.0008520306731041316,1,0.002272271434633974
2021-10-18,14096,Monday,0,10,2021,4,0.0008520306731041316,0.0008516679010175157,-0.0011350737797957144,0,0.002434729331552115
2021-10-19,14080,Tuesday,1,10,2021,4,-0.0011350737797957144,-0.0011357184639273798,0.0037642045454544526,1,0.00242828232911862
2021-10-21,14133,Thursday,3,10,2021,4,0.0037642045454544526,0.0037571376561173144,0.002051935187150633,1,0.003140088949667883
2021-10-22,14162,Friday,4,10,2021,4,0.002051935187150633,0.002049832843568452,0.0014828414065810591,1,0.0032962450866146826
2021-10-25,14183,Monday,0,10,2021,4,0.0014828414065810591,0.0014817430828883615,-0.0012691250088133765,0,0.003377163042251939
2021-10-26,14165,Tuesday,1,10,2021,4,-0.0012691250088133765,-0.0012699310299906367,0.0013413342746204648,1,0.0028681038325345924
2021-10-27,14184,Wednesday,2,10,2021,4,0.0013413342746204648,0.001340435489426813,0.0010575296108290555,1,0.0017695105377842442
2021-10-28,14199,Thursday,3,10,2021,4,0.0010575296108290555,0.0010569708203138105,-0.0019719698570321853,0,0.001768135459721467
2021-10-29,14171,Friday,4,10,2021,4,-0.0019719698570321853,-0.0019739167494872414,0.00451626561287144,1,0.0019582094696986097
2021-11-01,14235,Monday,0,11,2021,4,0.00451626561287144,0.0045060978872675786,0.0018264840182649067,1,0.0021501020613212667
2021-11-02,14261,Tuesday,1,11,2021,4,0.0018264840182649067,0.0018248180246291173,0.002804852394642676,1,0.002133888088321151
2021-11-03,14301,Wednesday,2,11,2021,4,0.002804852394642676,0.0028009261361683253,0.001818054681490766,1,0.002239652333484809
2021-11-04,14327,Thursday,3,11,2021,4,0.001818054681490766,0.0018164040204368761,0.0032805192992253485,1,0.0019628178898731833
2021-11-05,14374,Friday,4,11,2021,4,0.0032805192992253485,0.0032751501350157587,-0.007374426047029314,0,0.002050407107866861
2021-11-08,14268,Monday,0,11,2021,4,-0.007374426047029314,-0.007401751549605742,-0.00245304177179706,0,0.004099411789436413
2021-11-09,14233,Tuesday,1,11,2021,4,-0.00245304177179706,-0.0024560554081568486,0.0014051851331413623,1,0.0041553481231289885
2021-11-10,14253,Wednesday,2,11,2021,4,0.0014051851331413623,0.0014041987844057627,0.002455623377534577,1,0.0038245448098442572
2021-11-11,14288,Thursday,3,11,2021,4,0.002455623377534577,0.002452613261249291,-0.00314949608062709,0,0.003876537049522064
2021-11-12,14243,Friday,4,11,2021,4,-0.00314949608062709,-0.003154466181694088,-0.0025977673242996158,0,0.003882062914657071
2021-11-15,14206,Monday,0,11,2021,4,-0.0025977673242996158,-0.0026011473768308723,0.00035196395889069976,1,0.003785322647000058
2021-11-16,14211,Tuesday,1,11,2021,4,0.00035196395889069976,0.0003519020341062895,0.003377665188938117,1,0.0033432676836759614
2021-11-17,14259,Wednesday,2,11,2021,4,0.003377665188938117,0.003371973690257621,-0.0019636720667648433,0,0.002651197327851071
2021-11-18,14231,Thursday,3,11,2021,4,-0.0019636720667648433,-0.0019656025984591784,0.00042161478462521274,1,0.0025838770807945512
2021-11-19,14237,Friday,4,11,2021,4,0.00042161478462521274,0.00042152593008595315,0.0012643113015382568,1,0.0025194916752425897
2021-11-22,14255,Monday,0,11,2021,4,0.0012643113015382568,0.0012635127330265854,0.0011925640126271286,1,0.0023482116728628303
2021-11-23,14272,Tuesday,1,11,2021,4,0.0011925640126271286,0.0011918534730182282,0.0,0,0.0020300752620795114
2021-11-24,14272,Wednesday,2,11,2021,4,0.0,0.0,0.0005605381165918466,1,0.0016063959360919527
2021-11-25,14280,Thursday,3,11,2021,4,0.0005605381165918466,0.0005603810737846829,0.0,0,0.001601610366499366
2021-11-26,14280,Friday,4,11,2021,4,0.0,0.0,0.004201680672268893,1,0.0010849640320312135
2021-11-29,14340,Monday,0,11,2021,4,0.004201680672268893,0.004192878260035958,-0.001394700139469962,0,0.001458988695464963
2021-11-30,14320,Tuesday,1,11,2021,4,-0.001394700139469962,-0.0013956736389746914,0.0023044692737430594,1,0.0017335867291657378
2021-12-01,14353,Wednesday,2,12,2021,4,0.0023044692737430594,0.002301818056743754,0.0017417961401797744,1,0.0018191282685985806
2021-12-02,14378,Thursday,3,12,2021,4,0.0017417961401797744,0.0017402809724365456,0.002086521073862757,1,0.0018415081506595685
2021-12-03,14408,Friday,4,12,2021,4,0.002086521073862757,0.0020843473119750732,0.0022903942254304255,1,0.00181034324336422
2021-12-06,14441,Monday,0,12,2021,4,0.0022903942254304255,0.0022877752707732304,-0.0022851603074579563,0,0.0018017081732373576
2021-12-07,14408,Tuesday,1,12,2021,4,-0.0022851603074579563,-0.0022877752707731454,-0.004164353137146026,0,0.002283691351073553
2021-12-08,14348,Wednesday,2,12,2021,4,-0.004164353137146026,-0.004173048203618808,0.00020908837468636143,1,0.0026601089853055767
2021-12-09,14351,Thursday,3,12,2021,4,0.00020908837468636143,0.0002090665187586408,0.0018814019928925507,1,0.0025797055143916576
2021-12-10,14378,Friday,4,12,2021,4,0.0018814019928925507,0.0018796343728850722,-0.0022256224787869927,0,0.00252979987592484
2021-12-13,14346,Monday,0,12,2021,4,-0.0022256224787869927,-0.00222810285743707,0.00013941168269893112,1,0.002583880701743572
2021-12-14,14348,Tuesday,1,12,2021,4,0.00013941168269893112,0.00013940196579338425,-0.0007666573738500659,0,0.0023789006743156595
2021-12-15,14337,Wednesday,2,12,2021,4,-0.0007666573738500659,-0.0007669514059053393,0.00041849759363876693,1,0.002013873113599872
2021-12-16,14343,Thursday,3,12,2021,4,0.00041849759363876693,0.00041841004794508266,0.0,0,0.001992383013534511
2021-12-17,14343,Friday,4,12,2021,4,0.0,0.0,0.0028585372655651753,1,0.0012454273981168532
2021-12-20,14384,Monday,0,12,2021,4,0.0028585372655651753,0.002854459417188542,-0.0024332591768632117,0,0.0016670569828592366
2021-12-21,14349,Tuesday,1,12,2021,4,-0.0024332591768632117,-0.0024362243629949586,-0.005923757753153569,0,0.001791086399991584
2021-12-22,14264,Wednesday,2,12,2021,4,-0.005923757753153569,-0.005941372805430285,-0.0009113853056645915,0,0.0027529260137806317
2021-12-23,14251,Thursday,3,12,2021,4,-0.0009113853056645915,-0.000911800869764144,-0.002245456459195827,0,0.0027204179686688857
2021-12-24,14219,Friday,4,12,2021,4,-0.002245456459195827,-0.002247981276837709,0.0004219706027146497,1,0.0027593918408587263
2021-12-27,14225,Monday,0,12,2021,4,0.0004219706027146497,0.0004218815981571963,0.0008435852372583597,1,0.0027597274235285994
2021-12-28,14237,Tuesday,1,12,2021,4,0.0008435852372583597,0.0008432296192141345,0.001966706469059387,1,0.002837143644479389
2021-12-29,14265,Wednesday,2,12,2021,4,0.001966706469059387,0.0019647750338544732,0.0002804065895547492,1,0.0026460680249646333
2021-12-30,14269,Thursday,3,12,2021,4,0.0002804065895547492,0.0002803672829747273,0.0006307379634171717,1,0.002631451576157848
2021-12-31,14278,Friday,4,12,2021,4,0.0006307379634171717,0.0006305391318306174,-0.0005603025633842407,0,0.0013523352748222054
2022-01-03,14270,Monday,0,1,2022,1,-0.0005603025633842407,-0.0005604595915237604,0.002803083391730965,1,0.001312725340583933
2022-01-04,14310,Tuesday,1,1,2022,1,0.002803083391730965,0.0027991620796145524,0.0038434661076169885,1,0.0011225696607076391
2022-01-05,14365,Wednesday,2,1,2022,1,0.0038434661076169885,0.0038360988628932725,0.002158022972502671,1,0.0015389520190492063
2022-01-06,14396,Thursday,3,1,2022,1,0.002158022972502671,0.0021556977855314518,-0.0025006946373993255,0,0.0015398918663863644
2022-01-07,14360,Friday,4,1,2022,1,-0.0025006946373993255,-0.0025038265967061903,-0.002576601671309242,0,0.0021588392603634145
2022-01-10,14323,Monday,0,1,2022,1,-0.002576601671309242,-0.002579926822350117,-0.0016756266145360188,0,0.0025428524557919146
2022-01-11,14299,Tuesday,1,1,2022,1,-0.0016756266145360188,-0.001677032047017826,0.00020980488146027376,1,0.002675230130244297
2022-01-12,14302,Wednesday,2,1,2022,1,0.00020980488146027376,0.00020978287549405043,0.0006292826178155853,1,0.0026540170567390174
2022-01-13,14311,Thursday,3,1,2022,1,0.0006292826178155853,0.0006290847025344544,-6.987631891552937e-05,0,0.002433767750858803
2022-01-14,14310,Friday,4,1,2022,1,-6.987631891552937e-05,-6.987876037923628e-05,0.0009084556254368437,1,0.0017666843977803435
2022-01-17,14323,Monday,0,1,2022,1,0.0009084556254368437,0.0009080432293686028,0.00013963555121132565,1,0.0014896705499016934
2022-01-18,14325,Tuesday,1,1,2022,1,0.00013963555121132565,0.00013962580307519163,0.003141361256544517,1,0.0012849391732401303
2022-01-19,14370,Wednesday,2,1,2022,1,0.003141361256544517,0.0031364374901303115,-0.0011134307585246583,0,0.0014378877276210377
2022-01-20,14354,Thursday,3,1,2022,1,-0.0011134307585246583,-0.0011140510830533626,-0.0004876689424551106,0,0.001307769184885229
2022-01-21,14347,Friday,4,1,2022,1,-0.0004876689424551106,-0.00048778789162727825,-0.0013940196556770923,0,0.0013632754014268323
2022-01-24,14327,Monday,0,1,2022,1,-0.0013940196556770923,-0.001394992205017639,0.0021637467718294,1,0.0015238571270633481
2022-01-25,14358,Tuesday,1,1,2022,1,0.0021637467718294,0.002161409243056033,-0.0008357709987463213,0,0.0016919447645612601
2022-01-26,14346,Wednesday,2,1,2022,1,-0.0008357709987463213,-0.0008361204500485702,0.002718527812630711,1,0.001745698952980947
2022-01-27,14385,Thursday,3,1,2022,1,0.002718527812630711,0.0027148392992685675,-0.00027806743135205814,0,0.0019793807960383695
2022-01-28,14381,Friday,4,1,2022,1,-0.00027806743135205814,-0.0002781060992686058,0.0007648981294763324,1,0.0016411321071252369
2022-01-31,14392,Monday,0,1,2022,1,0.0007648981294763324,0.0007646057439893359,-0.0031267370761534075,0,0.0015592991743818298
2022-02-02,14347,Wednesday,2,2,2022,1,-0.0031267370761534075,-0.003131635531979051,0.0023698334146511346,1,0.0020476103571080155
2022-02-03,14381,Thursday,3,2,2022,1,0.0023698334146511346,0.0023670297879896545,-0.00034768096794379755,0,0.0021131037948659798
2022-02-04,14376,Friday,4,2,2022,1,-0.00034768096794379755,-0.0003477414229846502,0.0019476905954367574,1,0.0020015855821597407
2022-02-07,14404,Monday,0,2,2022,1,0.0019476905954367574,0.0019457963053708047,-0.0013190780338794283,0,0.0020422083989025262
2022-02-08,14385,Tuesday,1,2,2022,1,-0.0013190780338794283,-0.0013199487831175188,-0.0013208202989224427,0,0.0019026844289881345
2022-02-09,14366,Wednesday,2,2,2022,1,-0.0013208202989224427,-0.0013216933509013254,-0.0015313935681470214,0,0.0019678751857014408
2022-02-10,14344,Thursday,3,2,2022,1,-0.0015313935681470214,-0.0015325673497781163,0.0010457334076965363,1,0.0019816044196102997
2022-02-11,14359,Friday,4,2,2022,1,0.0010457334076965363,0.0010451870094080025,-0.0014624973883975434,0,0.0016502695186126994
2022-02-14,14338,Monday,0,2,2022,1,-0.0014624973883975434,-0.0014635678815593507,-0.0032082577765378817,0,0.0013963261499092864
2022-02-15,14292,Tuesday,1,2,2022,1,-0.0032082577765378817,-0.003213415269517138,-0.0009795689896445747,0,0.0017453987586242986
2022-02-16,14278,Wednesday,2,2,2022,1,-0.0009795689896445747,-0.0009800490808945848,0.001610869869729692,1,0.0012470671618837622
2022-02-17,14301,Thursday,3,2,2022,1,0.001610869869729692,0.0016095738105295525,0.0026571568421789316,1,0.0016486101188633911
2022-02-18,14339,Friday,4,2,2022,1,0.0026571568421789316,0.0026536328421039065,-0.0006973987028383588,0,0.0020815329396511317
2022-02-21,14329,Monday,0,2,2022,1,-0.0006973987028383588,-0.0006976419984363185,0.0023030218438131467,1,0.002020057509383205
2022-02-22,14362,Tuesday,1,2,2022,1,0.0023030218438131467,0.0023003739536599068,-0.00048739729842639523,0,0.0021921545749460846
2022-02-23,14355,Wednesday,2,2,2022,1,-0.00048739729842639523,-0.0004875161150985037,0.0011145942180423862,1,0.002110866182985464
2022-02-24,14371,Thursday,3,2,2022,1,0.0011145942180423862,0.0011139735190824403,-0.0001391691601141387,0,0.0015005094852508399
2022-02-25,14369,Friday,4,2,2022,1,-0.0001391691601141387,-0.0001391788450402746,-0.0013222910432180157,0,0.0013627609248800675
2022-03-01,14350,Tuesday,1,3,2022,1,-0.0013222910432180157,-0.001323166041439431,0.001602787456445931,1,0.0015490620447082752
2022-03-02,14373,Wednesday,2,3,2022,1,0.001602787456445931,0.0016015043634645871,0.0006957489737702272,1,0.001341062538764487
2022-03-04,14383,Friday,4,3,2022,1,0.0006957489737702272,0.0006955070526573832,0.0019467426823334133,1,0.0012627844945924127
2022-03-07,14411,Monday,0,3,2022,1,0.0019467426823334133,0.0019448502344724553,-0.0011796544306432732,0,0.0011847995372750747
2022-03-08,14394,Tuesday,1,3,2022,1,-0.0011796544306432732,-0.0011803507706120292,-0.0015978880088926006,0,0.0013027984851444296
2022-03-09,14371,Wednesday,2,3,2022,1,-0.0015978880088926006,-0.0015991659935027042,-0.005079674344165341,0,0.0014463567829553076
2022-03-10,14298,Thursday,3,3,2022,1,-0.005079674344165341,-0.005092619747449761,0.0005595188138201035,1,0.0024139134045995723
2022-03-11,14306,Friday,4,3,2022,1,0.0005595188138201035,0.0005593623415319996,0.0015378163008528123,1,0.0024386470239370368
2022-03-14,14328,Monday,0,3,2022,1,0.0015378163008528123,0.0015366350722185952,-0.0004885538805137202,0,0.002429708805204217
2022-03-15,14321,Tuesday,1,3,2022,1,-0.0004885538805137202,-0.0004886732618451946,-0.0006982752601075726,0,0.00237748827124764
2022-03-16,14311,Wednesday,2,3,2022,1,-0.0006982752601075726,-0.0006985191678267719,-0.0014674026972258947,0,0.00209600193742566
2022-03-17,14290,Thursday,3,3,2022,1,-0.0014674026972258947,-0.0014684803869627128,0.0034989503149054357,1,0.0021030712082267906
2022-03-18,14340,Friday,4,3,2022,1,0.0034989503149054357,0.003492843229698169,6.973500697360357e-05,1,0.002677867697748078
2022-03-21,14341,Monday,0,3,2022,1,6.973500697360357e-05,6.973257560103864e-05,0.0011854124538037691,1,0.001657000991677103
2022-03-22,14358,Tuesday,1,3,2022,1,0.0011854124538037691,0.0011847104072160262,-0.0004875330826020763,0,0.0016818724510628
2022-03-23,14351,Wednesday,2,3,2022,1,-0.0004875330826020763,-0.00048765196549652493,0.0006968155529232245,1,0.0016513528500474598
2022-03-24,14361,Thursday,3,3,2022,1,0.0006968155529232245,0.0006965728896869613,-0.0013926606782257434,0,0.0016260562930049812
2022-03-25,14341,Friday,4,3,2022,1,-0.0013926606782257434,-0.0013936313314064253,0.0013248727424866047,1,0.0017225733724866453
2022-03-28,14360,Monday,0,3,2022,1,0.0013248727424866047,0.001323995873002916,0.00027855153203337757,1,0.0015607327706573333
2022-03-29,14364,Tuesday,1,3,2022,1,0.00027855153203337757,0.0002785127437582336,-0.0010442773600668476,0,0.0009578341842409191
2022-03-30,14349,Wednesday,2,3,2022,1,-0.0010442773600668476,-0.001044822997566889,0.0005575301414733058,1,0.0010759898016157855
2022-03-31,14357,Thursday,3,3,2022,1,0.0005575301414733058,0.0005573747792873658,0.0004875670404680399,1,0.00099141226383529
2022-04-01,14364,Friday,4,4,2022,2,0.0004875670404680399,0.00048744821827951753,-0.00013923698134221674,0,0.0009815603226699715
2022-04-04,14362,Monday,0,4,2022,2,-0.00013923698134221674,-0.00013924667571059022,-0.0009747945968527905,0,0.0009514346377433688
2022-04-05,14348,Tuesday,1,4,2022,2,-0.0009747945968527905,-0.0009752700180896297,0.001115137998327187,1,0.0008570281720487949
2022-04-06,14364,Wednesday,2,4,2022,2,0.001115137998327187,0.0011145166938001574,-0.00034809245335565286,0,0.0008081980187346138
2022-04-07,14359,Thursday,3,4,2022,2,-0.00034809245335565286,-0.00034815305159662934,0.0004178563966850124,1,0.0008120458696849031
2022-04-08,14365,Friday,4,4,2022,2,0.0004178563966850124,0.00041776911901306304,0.0003480682213714559,1,0.0006927334481792719
2022-04-11,14370,Monday,0,4,2022,2,0.0003480682213714559,0.0003480076596807506,-0.00041753653444676075,0,0.0006770183664779388
2022-04-12,14364,Tuesday,1,4,2022,2,-0.00041753653444676075,-0.00041762372709714903,-0.00034809245335565286,0,0.0006836116341910578
2022-04-13,14359,Wednesday,2,4,2022,2,-0.00034809245335565286,-0.00034815305159662934,-0.000696427327808391,0,0.0006951661139175708
2022-04-14,14349,Thursday,3,4,2022,2,-0.000696427327808391,-0.0006966699459703354,0.0004878388737890038,1,0.0006376092882993686
2022-04-18,14356,Monday,0,4,2022,2,0.0004878388737890038,0.00048771991909119216,-0.0006269155753692024,0,0.0004815518459047008
2022-04-19,14347,Tuesday,1,4,2022,2,-0.0006269155753692024,-0.0006271121691079346,0.00027880393113544066,1,0.0005176699006582604
2022-04-20,14351,Wednesday,2,4,2022,2,0.00027880393113544066,0.0002787650725418837,-0.00020904466587690074,0,0.0004958337762571481
2022-04-21,14348,Thursday,3,4,2022,2,-0.00020904466587690074,-0.00020906651875860516,0.0009060496236408255,1,0.0004468739000990994
2022-04-22,14361,Friday,4,4,2022,2,0.0009060496236408255,0.000905639408445425,0.006336606085927121,1,0.00060181235294586
2022-04-25,14452,Monday,0,4,2022,2,0.006336606085927121,0.006316614206912081,-0.0027677830058123742,0,0.002449613314279997
2022-04-26,14412,Tuesday,1,4,2022,2,-0.0027677830058123742,-0.002771620399547022,0.00041631973355538143,1,0.0027812596709693906
2022-04-27,14418,Wednesday,2,4,2022,2,0.00041631973355538143,0.000416233096540073,0.004300180330142789,1,0.0027819825426246927
2022-04-28,14480,Thursday,3,4,2022,2,0.004300180330142789,0.004290960975183358,0.0037292817679557277,1,0.003026130692873441
2022-05-09,14534,Monday,0,5,2022,2,0.0037292817679557277,0.003722345236873773,0.0008256501995320686,1,0.0031077894730827363
2022-05-10,14546,Tuesday,1,5,2022,2,0.0008256501995320686,0.0008253095379047395,0.0,0,0.003019104271109097
2022-05-11,14546,Wednesday,2,5,2022,2,0.0,0.0,0.0026811494568954597,1,0.0030902788925710055
2022-05-12,14585,Thursday,3,5,2022,2,0.0026811494568954597,0.002677561587335879,0.0023311621528967486,1,0.002448986853875049
2022-05-13,14619,Friday,4,5,2022,2,0.0023311621528967486,0.002328449209794017,0.002188932211505623,1,0.0016663552078016945
2022-05-17,14651,Tuesday,1,5,2022,2,0.002188932211505623,0.0021865399896972117,0.0021158965258343265,1,0.0015059472078284243
2022-05-18,14682,Wednesday,2,5,2022,2,0.0021158965258343265,0.002113661169413539,0.003337419970031341,1,0.0012218841127087827
2022-05-19,14731,Thursday,3,5,2022,2,0.003337419970031341,0.003331863144211685,-0.004751883782499466,0,0.0011348498546674937
2022-05-20,14661,Friday,4,5,2022,2,-0.004751883782499466,-0.004763209876673801,0.00027283268535560623,1,0.0027919509614575105
2022-05-23,14665,Monday,0,5,2022,2,0.00027283268535560623,0.00027279547328679896,-0.0008182748039550214,0,0.0027754863848290564
2022-05-24,14653,Tuesday,1,5,2022,2,-0.0008182748039550214,-0.0008186097735263212,-0.0005459632839691642,0,0.0027722827081351053
2022-05-25,14645,Wednesday,2,5,2022,2,-0.0005459632839691642,-0.0005461123761912745,-0.0045749402526459315,0,0.0026965938887252515
2022-05-27,14578,Friday,4,5,2022,2,-0.0045749402526459315,-0.004585437319675569,-0.002332281520098789,0,0.0030757572871757343
2022-05-30,14544,Monday,0,5,2022,2,-0.002332281520098789,-0.0023350055248981994,0.0033003300330032292,1,0.002845177355011572
2022-05-31,14592,Tuesday,1,5,2022,2,0.0033003300330032292,0.0032948958968524846,-0.004523026315789491,0,0.0028350570724510575
2022-06-02,14526,Thursday,3,6,2022,2,-0.004523026315789491,-0.004533286147999155,-0.006539997246316931,0,0.002789954127647586
2022-06-03,14431,Friday,4,6,2022,2,-0.006539997246316931,-0.006561476730035717,0.002148153281130938,1,0.0032900270251958025
2022-06-06,14462,Monday,0,6,2022,2,0.002148153281130938,0.0021458492988194453,0.00013829345871929632,1,0.003679869044716458
2022-06-07,14464,Tuesday,1,6,2022,2,0.00013829345871929632,0.00013828389706046715,0.0008987831858406903,1,0.003729794613013585
2022-06-08,14477,Wednesday,2,6,2022,2,0.0008987831858406903,0.0008983795220858053,0.005387856600124419,1,0.0036156623082231314
2022-06-09,14555,Thursday,3,6,2022,2,0.005387856600124419,0.005373394025680126,0.0009618687736172582,1,0.004256026772530273
2022-06-10,14569,Friday,4,6,2022,2,0.0009618687736172582,0.0009614064742722144,0.00706980575193894,1,0.004051269865800253
2022-06-13,14672,Monday,0,6,2022,2,0.00706980575193894,0.00704493184225011,0.0038849509269356375,1,0.00435171757510513
2022-06-14,14729,Tuesday,1,6,2022,2,0.0038849509269356375,0.0038774239932969417,0.0011541856202050838,1,0.0025887950020869513
2022-06-15,14746,Wednesday,2,6,2022,2,0.0011541856202050838,0.0011535200600528844,-0.0003390750033906986,0,0.0026643176647957803
2022-06-16,14741,Thursday,3,6,2022,2,-0.0003390750033906986,-0.00033913250231766074,0.005901906247880007,1,0.0027479558307535006
2022-06-17,14828,Friday,4,6,2022,2,0.005901906247880007,0.005884558223344655,0.0005395198273536739,1,0.0028446387175292435
2022-06-20,14836,Monday,0,6,2022,2,0.0005395198273536739,0.0005393743388585531,-0.0021569156106767684,0,0.0028786010062021813
2022-06-21,14804,Tuesday,1,6,2022,2,-0.0021569156106767684,-0.0021592451034348637,0.0037827614158336687,1,0.003393975558373633
2022-06-22,14860,Wednesday,2,6,2022,2,0.0037827614158336687,0.0037756247657036736,-0.001682368775235532,0,0.002803525422016494
2022-06-23,14835,Thursday,3,6,2022,2,-0.001682368775235532,-0.0016837855468279784,0.0007414897202562276,1,0.002908934041102938
2022-06-24,14846,Friday,4,6,2022,2,0.0007414897202562276,0.0007412149525701585,-0.00296376128250031,0,0.0029100582382354996
2022-06-27,14802,Monday,0,6,2022,2,-0.00296376128250031,-0.002968161920080536,0.0023645453317118204,1,0.003255634767181834
2022-06-28,14837,Tuesday,1,6,2022,2,0.0023645453317118204,0.0023617541933818207,0.0007413897688210991,1,0.00248087387889043
2022-06-29,14848,Wednesday,2,6,2022,2,0.0007413897688210991,0.0007411150751880907,0.002289870689655249,1,0.002488170319328257
2022-06-30,14882,Thursday,3,6,2022,2,0.002289870689655249,0.0022872529312248074,0.004972449939524282,1,0.0023756927430405306
2022-07-01,14956,Friday,4,7,2022,3,0.004972449939524282,0.004960128139797819,0.00026745119015769703,1,0.002653052873106564
2022-07-04,14960,Monday,0,7,2022,3,0.00026745119015769703,0.00026741543146380003,0.00200534759358284,1,0.0024267498816195037
2022-07-05,14990,Tuesday,1,7,2022,3,0.00200534759358284,0.002003339568175104,0.0016677785190126748,1,0.0024339728164715527
2022-07-06,15015,Wednesday,2,7,2022,3,0.0016677785190126748,0.001666389320787263,-0.0019314019314019548,0,0.001508966939201887
2022-07-07,14986,Thursday,3,7,2022,3,-0.0019314019314019548,-0.0019332694931746416,-0.0003336447350861249,0,0.0021102522774834017
2022-07-08,14981,Friday,4,7,2022,3,-0.0003336447350861249,-0.0003337004068741606,-0.0008010146185167821,0,0.0022054711671930472
2022-07-11,14969,Monday,0,7,2022,3,-0.0008010146185167821,-0.0008013356021461538,0.0016033135145967492,1,0.002276759175874106
2022-07-12,14993,Tuesday,1,7,2022,3,0.0016033135145967492,0.0016020295796673166,-0.0005335823384245986,0,0.0014746235752234082
2022-07-13,14985,Wednesday,2,7,2022,3,-0.0005335823384245986,-0.0005337247441395739,0.000934267600934291,1,0.0015129620337307895
2022-07-14,14999,Thursday,3,7,2022,3,0.000934267600934291,0.0009338314445958976,0.0,0,0.0013502971737413298
2022-07-15,14999,Friday,4,7,2022,3,0.0,0.0,-0.0008667244482966074,0,0.0011584500830764612
2022-07-18,14986,Monday,0,7,2022,3,-0.0008667244482966074,-0.0008671002711034801,0.00040037368210321667,1,0.0009335201865800409
2022-07-19,14992,Tuesday,1,7,2022,3,0.00040037368210321667,0.0004002935539473127,-0.0005336179295624133,0,0.0009310097317731689
2022-07-20,14984,Wednesday,2,7,2022,3,-0.0005336179295624133,-0.0005337603542789638,0.002202349172450546,1,0.0008922905103217081
2022-07-21,15017,Thursday,3,7,2022,3,0.002202349172450546,0.002199927556356212,0.000466138376506553,1,0.0010667795534572376
2022-07-22,15024,Friday,4,7,2022,3,0.000466138376506553,0.00046602976776335167,-0.0021299254526091493,0,0.0010133087622023567
2022-07-25,14992,Monday,0,7,2022,3,-0.0021299254526091493,-0.002132196969840711,-0.0005336179295624133,0,0.0013397137165468505
2022-07-26,14984,Tuesday,1,7,2022,3,-0.0005336179295624133,-0.0005337603542789638,0.002402562733582414,1,0.0013504325077377134
2022-07-27,15020,Wednesday,2,7,2022,3,0.002402562733582414,0.0023996811942012222,-0.004127829560585883,0,0.0015998936697938237
2022-07-28,14958,Thursday,3,7,2022,3,-0.004127829560585883,-0.0041363725665128515,-0.006551678031822439,0,0.002320364749082861
2022-07-29,14860,Friday,4,7,2022,3,-0.006551678031822439,-0.0065732344798627275,0.0009421265141318358,1,0.003319098956699809
2022-08-01,14874,Monday,0,8,2022,3,0.0009421265141318358,0.0009416829914952847,0.0009412397472099432,1,0.0031340075246261544
2022-08-02,14888,Tuesday,1,8,2022,3,0.0009412397472099432,0.0009407970588412273,0.0019478774852230707,1,0.0031850074573957603
2022-08-03,14917,Wednesday,2,8,2022,3,0.0019478774852230707,0.0019459828318438308,0.0008044512971776552,1,0.0033745583746980206
2022-08-04,14929,Thursday,3,8,2022,3,0.0008044512971776552,0.0008041278996596365,-0.0016745930738830683,0,0.0034241536324204703
2022-08-05,14904,Friday,4,8,2022,3,-0.0016745930738830683,-0.0016759967721657791,0.0007380568974770796,1,0.003181830222160136
2022-08-08,14915,Monday,0,8,2022,3,0.0007380568974770796,0.0007377846674243997,-0.0035534696614146766,0,0.002932066017458735
2022-08-09,14862,Tuesday,1,8,2022,3,-0.0035534696614146766,-0.003559798231434327,0.000874714035796087,1,0.0019247599094342632
2022-08-10,14875,Wednesday,2,8,2022,3,0.000874714035796087,0.0008743316964160479,-0.0051092436974790045,0,0.001919541396906694
2022-08-11,14799,Thursday,3,8,2022,3,-0.0051092436974790045,-0.005122340511982581,-0.0075005067909993395,0,0.0026559966284968152
2022-08-12,14688,Friday,4,8,2022,3,-0.0075005067909993395,-0.0075287770415761865,0.0026552287581700362,1,0.003320786417386119
2022-08-15,14727,Monday,0,8,2022,3,0.0026552287581700362,0.002651709865890583,0.002716099680858397,1,0.0036567219354695616
2022-08-16,14767,Tuesday,1,8,2022,3,0.002716099680858397,0.0027124177476118574,0.003724520891176253,1,0.004064230949482584
2022-08-18,14822,Thursday,3,8,2022,3,0.003724520891176253,0.003717602037530229,0.0024288220213195544,1,0.004453047391737766
2022-08-19,14858,Friday,4,8,2022,3,0.0024288220213195544,0.002425877200447256,0.0016152914254947692,1,0.0044303720927476795
2022-08-22,14882,Monday,0,8,2022,3,0.0016152914254947692,0.0016139882454550886,0.0007391479639833332,1,0.004464459899542927
2022-08-23,14893,Tuesday,1,8,2022,3,0.0007391479639833332,0.0007388749286610539,-0.0028201168334116566,0,0.0038340667583855693
2022-08-24,14851,Wednesday,2,8,2022,3,-0.0028201168334116566,-0.002824100854922393,-0.0016160527910578093,0,0.0021533096175386946
2022-08-25,14827,Thursday,3,8,2022,3,-0.0016160527910578093,-0.0016173600129190727,-0.000876778849396409,0,0.0023896517933870063
2022-08-26,14814,Friday,4,8,2022,3,-0.000876778849396409,-0.0008771634447916219,0.004927771027406491,1,0.0023371848461753004
2022-08-29,14887,Monday,0,8,2022,3,0.004927771027406491,0.004915669303822712,-0.0008060724121716767,0,0.002640234745769209
2022-08-30,14875,Tuesday,1,8,2022,3,-0.0008060724121716767,-0.0008063974632267061,-0.001478991596638668,0,0.002554048686548493
2022-08-31,14853,Wednesday,2,8,2022,3,-0.001478991596638668,-0.0014800863842977774,0.002087120447047841,1,0.002528766487112253
2022-09-01,14884,Thursday,3,9,2022,3,0.002087120447047841,0.0020849454369804787,0.0010749798441278546,1,0.002666469193401723
2022-09-02,14900,Friday,4,9,2022,3,0.0010749798441278546,0.0010744024670373247,0.0013422818791946067,1,0.002392393255346424
2022-09-05,14920,Monday,0,9,2022,3,0.0013422818791946067,0.0013413818242013111,-0.0023458445040214215,0,0.002216962045842785
2022-09-06,14885,Tuesday,1,9,2022,3,-0.0023458445040214215,-0.002348600307875059,0.0028216325159555744,1,0.0024683142318655408
2022-09-07,14927,Wednesday,2,9,2022,3,0.0028216325159555744,0.002817659183362841,-0.0014738393515106862,0,0.001939420591568629
2022-09-08,14905,Thursday,3,9,2022,3,-0.0014738393515106862,-0.0014749265210678676,-0.0039584032203958675,0,0.002022454405977915
2022-09-09,14846,Friday,4,9,2022,3,-0.0039584032203958675,-0.003966258434679583,-0.00047150747676139027,0,0.002537408103297679
2022-09-12,14839,Monday,0,9,2022,3,-0.00047150747676139027,-0.0004716186713658098,0.00148257968865817,1,0.0023532962288772305
2022-09-13,14861,Tuesday,1,9,2022,3,0.00148257968865817,0.0014814817524428803,0.004171993809299446,1,0.0024012833423153997
2022-09-14,14923,Wednesday,2,9,2022,3,0.004171993809299446,0.004163315172898528,-0.0016082557126583241,0,0.002918514802308584
2022-09-15,14899,Thursday,3,9,2022,3,-0.0016082557126583241,-0.001609550344128802,0.0026847439425465858,1,0.00283021257669975
2022-09-16,14939,Friday,4,9,2022,3,0.0026847439425465858,0.002681146454978199,0.0027444942767254066,1,0.0028090320862974786
2022-09-19,14980,Monday,0,9,2022,3,0.0027444942767254066,0.0027407350288932344,-0.00033377837116155273,0,0.0028627916384544195
2022-09-20,14975,Tuesday,1,9,2022,3,-0.00033377837116155273,-0.0003338340875603778,0.0024040066777963887,1,0.002099984465456555
2022-09-21,15011,Wednesday,2,9,2022,3,0.0024040066777963887,0.002401121676526057,0.001465591899273866,1,0.0019884027874310164
2022-09-22,15033,Thursday,3,9,2022,3,0.001465591899273866,0.001464518967658246,0.0001330406439166154,1,0.0019886475129276522
2022-09-23,15035,Friday,4,9,2022,3,0.0001330406439166154,0.00013303179479500174,0.00558696375124712,1,0.001700161985516836
2022-09-26,15119,Monday,0,9,2022,3,0.00558696375124712,0.0055714145575717485,0.0023811098617634308,1,0.0019615369786912004
2022-09-27,15155,Tuesday,1,9,2022,3,0.0023811098617634308,0.002378279511702452,0.005806664467172595,1,0.001949732689722887
2022-09-28,15243,Wednesday,2,9,2022,3,0.005806664467172595,0.005789870769938104,0.00026241553499972703,1,0.002414729088337604
2022-09-29,15247,Thursday,3,9,2022,3,0.00026241553499972703,0.0002623811100655158,-0.0009838000918213075,0,0.0023067771506057526
2022-09-30,15232,Friday,4,9,2022,3,-0.0009838000918213075,-0.0009842843407604602,0.0040047268907563716,1,0.002674095827450727
2022-10-03,15293,Monday,0,10,2022,4,0.0040047268907563716,0.003996729316976862,-0.001111619695285393,0,0.002746021578707295
2022-10-04,15276,Tuesday,1,10,2022,4,-0.001111619695285393,-0.0011122380027164835,-0.0052369730295889205,0,0.002953601188675088
2022-10-05,15196,Wednesday,2,10,2022,4,-0.0052369730295889205,-0.005250734037890663,6.580679126089173e-05,1,0.003681280759261762
2022-10-06,15197,Thursday,3,10,2022,4,6.580679126089173e-05,6.580462608899186e-05,0.0032243205895901017,1,0.0036113604468713564
2022-10-07,15246,Friday,4,10,2022,4,0.0032243205895901017,0.003219133614613988,0.003476321658139936,1,0.003059967458289916
2022-10-10,15299,Monday,0,10,2022,4,0.003476321658139936,0.00347029321915996,0.004117916203673522,1,0.003329264858675708
2022-10-11,15362,Tuesday,1,10,2022,4,0.004117916203673522,0.0041094607912483755,0.0007160525973179954,1,0.0035062139496007338
2022-10-12,15373,Wednesday,2,10,2022,4,0.0007160525973179954,0.0007157963539721117,-0.001040785793273935,0,0.003284521138238676
2022-10-13,15357,Thursday,3,10,2022,4,-0.001040785793273935,-0.0010413277869064925,0.0021488571986716387,1,0.003277939884041405
2022-10-14,15390,Friday,4,10,2022,4,0.0021488571986716387,0.0021465517072319913,0.005847953216374213,1,0.0019370317541807117
2022-10-17,15480,Monday,0,10,2022,4,0.005847953216374213,0.005830920310793144,-0.0007105943152454497,0,0.0022680451793488346
2022-10-18,15469,Tuesday,1,10,2022,4,-0.0007105943152454497,-0.0007108469070531696,0.0014221992371841186,1,0.00256637892953142
2022-10-19,15491,Wednesday,2,10,2022,4,0.0014221992371841186,0.0014211888696981252,0.005680717836162863,1,0.002496536501454585
2022-10-20,15579,Thursday,3,10,2022,4,0.005680717836162863,0.005664643406065603,0.0019898581423711814,1,0.002790146428106574
2022-10-21,15610,Friday,4,10,2022,4,0.0019898581423711814,0.001987880997049153,-0.0012812299807815064,0,0.0027331152177554117
2022-10-24,15590,Monday,0,10,2022,4,-0.0012812299807815064,-0.0012820514576555005,0.0016677357280308058,1,0.0027815692559789674
2022-10-25,15616,Tuesday,1,10,2022,4,0.0016677357280308058,0.0016663466010515375,-0.001280737704917989,0,0.002787617514181206
2022-10-26,15596,Wednesday,2,10,2022,4,-0.001280737704917989,-0.0012815585503857345,-0.0014747371120800157,0,0.002472027534748927
2022-10-27,15573,Thursday,3,10,2022,4,-0.0014747371120800157,-0.0014758256071492263,-0.001990624799332208,0,0.0025783199260814614
2022-10-28,15542,Friday,4,10,2022,4,-0.001990624799332208,-0.00199260872615123,0.0034744563119288863,1,0.0027900969901273466
2022-10-31,15596,Monday,0,10,2022,4,0.0034744563119288863,0.0034684343333003507,0.0032700692485252425,1,0.002161137687768871
2022-11-01,15647,Tuesday,1,11,2022,4,0.0032700692485252425,0.0032647341995692834,0.00031955007349648845,1,0.00238394398580266
2022-11-02,15652,Wednesday,2,11,2022,4,0.00031955007349648845,0.00031949902824580554,0.0018527983644263113,1,0.002276979457109655
2022-11-03,15681,Thursday,3,11,2022,4,0.0018527983644263113,0.0018510840507284894,0.003507429373126758,1,0.0022928601152150054
2022-11-04,15736,Friday,4,11,2022,4,0.003507429373126758,0.0035012926878635097,-0.002796136248093495,0,0.0023528606519250344
2022-11-07,15692,Monday,0,11,2022,4,-0.002796136248093495,-0.002800052739451767,-0.0005098139179199324,0,0.0026460226239697613
2022-11-08,15684,Tuesday,1,11,2022,4,-0.0005098139179199324,-0.0005099439172208978,-0.0019127773527161107,0,0.0024069129316440455
2022-11-09,15654,Wednesday,2,11,2022,4,-0.0019127773527161107,-0.0019146090474387919,0.003002427494570137,1,0.0024577690604452467
2022-11-10,15701,Thursday,3,11,2022,4,0.003002427494570137,0.0029979292107382488,-0.013247563849436372,0,0.00240989832036532
2022-11-11,15493,Friday,4,11,2022,4,-0.013247563849436372,-0.01333609557922984,0.0003872716710773272,1,0.005764799590229016
2022-11-14,15499,Monday,0,11,2022,4,0.0003872716710773272,0.00038719670075901345,0.004193818956061746,1,0.005650136032492244
2022-11-15,15564,Tuesday,1,11,2022,4,0.004193818956061746,0.004185049407393495,0.0029555384219994707,1,0.005759249069358153
2022-11-16,15610,Wednesday,2,11,2022,4,0.0029555384219994707,0.00295117940503354,0.004932735426008916,1,0.005961226915908795
2022-11-17,15687,Thursday,3,11,2022,4,0.004932735426008916,0.004920609346762503,0.00031873525849435147,1,0.0063388477260954736
2022-11-18,15692,Friday,4,11,2022,4,0.00031873525849435147,0.0003186844732029365,0.0009559010960999981,1,0.006280753950407034
2022-11-21,15707,Monday,0,11,2022,4,0.0009559010960999981,0.0009554445135892178,0.000572992933087102,1,0.006183734600069965
2022-11-22,15716,Tuesday,1,11,2022,4,0.000572992933087102,0.0005728288353180006,-0.0010180707559175328,0,0.0019473450102041427
2022-11-23,15700,Wednesday,2,11,2022,4,-0.0010180707559175328,-0.001018589341950954,-0.003375796178343937,0,0.0022022042591855738
2022-11-24,15647,Thursday,3,11,2022,4,-0.003375796178343937,-0.0033815070343421643,0.0013421103086854735,1,0.0026675640767346008
2022-11-25,15668,Friday,4,11,2022,4,0.0013421103086854735,0.0013412104836647766,0.003893285677814662,1,0.002512005190450727
2022-11-28,15729,Monday,0,11,2022,4,0.003893285677814662,0.0038857264549205586,0.0005086146608175302,1,0.0022245255160705294
2022-11-29,15737,Tuesday,1,11,2022,4,0.0005086146608175302,0.0005084853602218589,0.000317722564656453,1,0.002224782270776044
2022-11-30,15742,Wednesday,2,11,2022,4,0.000317722564656453,0.0003176721015309732,-0.007940541227290043,0,0.0022116991065765394
2022-12-01,15617,Thursday,3,12,2022,4,-0.007940541227290043,-0.007972235214549636,-0.012038163539732305,0,0.00382058366279683
2022-12-02,15429,Friday,4,12,2022,4,-0.012038163539732305,-0.012111209044819887,-0.0012962602890660424,0,0.005709922691869153
2022-12-05,15409,Monday,0,12,2022,4,-0.0012962602890660424,-0.0012971011611725097,0.01083782205204753,1,0.0057098751071963305
2022-12-06,15576,Tuesday,1,12,2022,4,0.01083782205204753,0.010779513770182257,0.0027606574216743063,1,0.007512457101911804
2022-12-07,15619,Wednesday,2,12,2022,4,0.0027606574216743063,0.0027568538056867635,0.00032012292720406954,1,0.007405425219193882
2022-12-08,15624,Thursday,3,12,2022,4,0.00032012292720406954,0.00032007169879244313,-0.002368151561699894,0,0.007399357582494889
2022-12-09,15587,Friday,4,12,2022,4,-0.002368151561699894,-0.0023709600674638263,0.003528581510232831,1,0.007387545502918833
2022-12-12,15642,Monday,0,12,2022,4,0.003528581510232831,0.0035223706725056947,0.0012146784298683322,1,0.006951348847339079
2022-12-13,15661,Tuesday,1,12,2022,4,0.0012146784298683322,0.0012139413048771741,-0.0026818210842219914,0,0.0043448123722828755
2022-12-14,15619,Wednesday,2,12,2022,4,-0.0026818210842219914,-0.0026854236087114724,0.0007042704398489974,1,0.004554084759891318
2022-12-15,15630,Thursday,3,12,2022,4,0.0007042704398489974,0.0007040225577999468,-0.0008317338451695466,0,0.0023523371986561258
2022-12-16,15617,Friday,4,12,2022,4,-0.0008317338451695466,-0.0008320799276764763,0.00025613113914313423,1,0.0021603166525709532
2022-12-19,15621,Monday,0,12,2022,4,0.00025613113914313423,0.0002560983431628432,-0.0008322130465399091,0,0.0021587814233918158
2022-12-20,15608,Tuesday,1,12,2022,4,-0.0008322130465399091,-0.0008325595280616239,-0.0004484879548949383,0,0.0019485052514977535
2022-12-21,15601,Wednesday,2,12,2022,4,-0.0004484879548949383,-0.00044858855569773786,-0.00044868918659057844,0,0.0012812145640284467
2022-12-22,15594,Thursday,3,12,2022,4,-0.00044868918659057844,-0.0004487898777041291,0.0007053995126331536,1,0.0010750981750628902
2022-12-23,15605,Friday,4,12,2022,4,0.0007053995126331536,0.0007051508353346337,0.0019865427747516318,1,0.0006747529362185703
2022-12-26,15636,Monday,0,12,2022,4,0.0019865427747516318,0.0019845722079655736,0.001470964441033562,1,0.0010221271725990308
2022-12-27,15659,Tuesday,1,12,2022,4,0.001470964441033562,0.0014698836325975346,0.002809885688741298,1,0.0010588697123053302
2022-12-28,15703,Wednesday,2,12,2022,4,0.002809885688741298,0.00280594533951088,0.0017830987709355206,1,0.0013934071228061348
2022-12-29,15731,Thursday,3,12,2022,4,0.0017830987709355206,0.001781510937551034,-0.008836056194774677,0,0.001241207089609465
2022-12-30,15592,Friday,4,12,2022,4,-0.008836056194774677,-0.008875325635108088,-0.0012827090815803466,0,0.004011830015593005
2023-01-02,15572,Monday,0,1,2023,1,-0.0012827090815803466,-0.0012835324570504409,0.0011559208836373625,1,0.004036862553978904
2023-01-03,15590,Tuesday,1,1,2023,1,0.0011559208836373625,0.0011552533214759205,0.001603592046183433,1,0.004057247513658485
2023-01-04,15615,Wednesday,2,1,2023,1,0.001603592046183433,0.0016023076653567283,-0.00032020493115592075,0,0.00402638170047807
2023-01-05,15610,Thursday,3,1,2023,1,-0.00032020493115592075,-0.0003202562077011829,0.0016015374759770218,1,0.003959530945173291
2023-01-06,15635,Friday,4,1,2023,1,0.0016015374759770218,0.0016002563824639954,-0.003901503038055698,0,0.0038181036283229017
2023-01-09,15574,Monday,0,1,2023,1,-0.003901503038055698,-0.003909133755010319,0.0009631437010402255,1,0.0038273746580901415
2023-01-10,15589,Tuesday,1,1,2023,1,0.0009631437010402255,0.0009626801757495656,-0.003977163384437765,0,0.0020172435980878554
2023-01-11,15527,Wednesday,2,1,2023,1,-0.003977163384437765,-0.003985093331511188,-0.010369034584916559,0,0.0024985990345684776
2023-01-12,15366,Thursday,3,1,2023,1,-0.010369034584916559,-0.01042316755358948,-0.012299882858258449,0,0.0043977406564159145
2023-01-13,15177,Friday,4,1,2023,1,-0.012299882858258449,-0.012376152467534414,-0.010410489556565872,0,0.005491326961646342
2023-01-16,15019,Monday,0,1,2023,1,-0.010410489556565872,-0.01046505775446505,0.008988614421732377,1,0.005674140403442917
2023-01-17,15154,Tuesday,1,1,2023,1,0.008988614421732377,0.008948457285737847,-0.0011218160221723172,0,0.007571950706959359
2023-01-18,15137,Wednesday,2,1,2023,1,-0.0011218160221723172,-0.0011224457287534587,-0.0015855189271322123,0,0.007678486544227136
2023-01-19,15113,Thursday,3,1,2023,1,-0.0015855189271322123,-0.001586777192444549,0.0005293455965063032,1,0.007457504172923691
2023-01-20,15121,Friday,4,1,2023,1,0.0005293455965063032,0.0005292055425484838,-0.012631439719595239,0,0.007693839779734381
2023-01-24,14930,Tuesday,1,1,2023,1,-0.012631439719595239,-0.012711894579433062,0.0018754186202276646,1,0.00806273592855555
2023-01-25,14958,Wednesday,2,1,2023,1,0.0018754186202276646,0.0018736622183767493,0.00040112314480555966,1,0.007400143388914144
2023-01-26,14964,Thursday,3,1,2023,1,0.00040112314480555966,0.00040104271642398177,0.0009355787222666834,1,0.006422273532217644
2023-01-27,14978,Friday,4,1,2023,1,0.0009355787222666834,0.000935141341275545,6.676458806254004e-05,1,0.005011656328055467
2023-01-30,14979,Monday,0,1,2023,1,6.676458806254004e-05,6.676235940662677e-05,0.0008678817010481232,1,0.0050532497135319316
2023-01-31,14992,Tuesday,1,1,2023,1,0.0008678817010481232,0.0008675053094844402,-6.670224119531554e-05,0,0.005130692583499994
2023-02-01,14991,Wednesday,2,2,2023,1,-6.670224119531554e-05,-6.670446588873435e-05,-0.008204922953772287,0,0.0051030881445051175
2023-02-02,14868,Thursday,3,2,2023,1,-0.008204922953772287,-0.00823876859517197,0.0020177562550443007,1,0.0034329499117726732
2023-02-03,14898,Friday,4,2,2023,1,0.0020177562550443007,0.0020157233190787626,0.010538327292253902,1,0.003450348360442625
2023-02-06,15055,Monday,0,2,2023,1,0.010538327292253902,0.010483186179612504,0.005579541680504896,1,0.0054501138521921635
2023-02-07,15139,Tuesday,1,2,2023,1,0.005579541680504896,0.005564033696044656,-0.0011229275381464676,0,0.005733339904330974
2023-02-08,15122,Wednesday,2,2,2023,1,-0.0011229275381464676,-0.0011235584936635423,-0.00013225763787860778,0,0.005801132175589985
2023-02-09,15120,Thursday,3,2,2023,1,-0.00013225763787860778,-0.00013226638469122676,0.001322751322751392,1,0.005827449626606159
2023-02-10,15140,Friday,4,2,2023,1,0.001322751322751392,0.0013218772579158475,0.005019815059445154,1,0.005800137224710485
2023-02-13,15216,Monday,0,2,2023,1,0.005019815059445154,0.00500725779373175,-0.003154574132492094,0,0.004011425601583003
2023-02-14,15168,Tuesday,1,2,2023,1,-0.003154574132492094,-0.0031595602903684815,0.001714135021096963,1,0.004705548992165688
2023-02-15,15194,Wednesday,2,2,2023,1,0.001714135021096963,0.0017126675683637787,-0.0011846781624325065,0,0.0031598536048914783
2023-02-16,15176,Thursday,3,2,2023,1,-0.0011846781624325065,-0.0011853804483167379,0.0015155508697943798,1,0.0026321666943154663
2023-02-17,15199,Friday,4,2,2023,1,0.0015155508697943798,0.0015144035816110335,-0.002039607868938753,0,0.002574454796318712
2023-02-20,15168,Monday,0,2,2023,1,-0.002039607868938753,-0.0020416907016581644,0.0007252109704640741,1,0.0027739236783138363
2023-02-21,15179,Tuesday,1,2,2023,1,0.0007252109704640741,0.000724948132056088,0.0025693392186574293,1,0.0027518411102593248
2023-02-22,15218,Wednesday,2,2,2023,1,0.0025693392186574293,0.0025660441096089404,-0.002037061374687843,0,0.0021560288250203215
2023-02-23,15187,Thursday,3,2,2023,1,-0.002037061374687843,-0.002039139006198052,0.0019095278856917641,1,0.0019080801670472785
2023-02-24,15216,Friday,4,2,2023,1,0.0019095278856917641,0.0019077070549016186,0.003811777076761391,1,0.0019354388380825997
2023-02-27,15274,Monday,0,2,2023,1,0.003811777076761391,0.003804530663157977,-0.0022260049757758527,0,0.002233271831630916
2023-02-28,15240,Tuesday,1,2,2023,1,-0.0022260049757758527,-0.0022284862076921903,0.0006561679790026975,1,0.0024993309952893402
2023-03-01,15250,Wednesday,2,3,2023,1,0.0006561679790026975,0.0006559527949204875,0.0015081967213115277,1,0.002259267791238766
2023-03-02,15273,Thursday,3,3,2023,1,0.0015081967213115277,0.0015070605348880685,0.002160675702219672,1,0.002275933527884531
2023-03-03,15306,Friday,4,3,2023,1,0.002160675702219672,0.0021583447994207665,-0.000326669280020897,0,0.0022304150602035734
2023-03-06,15301,Monday,0,3,2023,1,-0.000326669280020897,-0.00032672264805293255,0.003790601921443093,1,0.0019389511172764142
2023-03-07,15359,Tuesday,1,3,2023,1,0.003790601921443093,0.0037834356938148445,0.005989973305553731,1,0.0021879126230625995
2023-03-08,15451,Wednesday,2,3,2023,1,0.005989973305553731,0.005972104734789912,-0.0008413694906478364,0,0.002691006204758526
2023-03-09,15438,Thursday,3,3,2023,1,-0.0008413694906478364,-0.0008417236406189877,0.001943256898562007,1,0.0023927531140486335
2023-03-10,15468,Friday,4,3,2023,1,0.001943256898562007,0.0019413712173885446,-0.006077062322213611,0,0.0023350025249168536
2023-03-13,15374,Monday,0,3,2023,1,-0.006077062322213611,-0.006095602818110412,0.00039026928580709885,1,0.0038767066659169155
2023-03-14,15380,Tuesday,1,3,2023,1,0.00039026928580709885,0.00039019315055756554,-0.0009752925877762886,0,0.0038416595776243657
2023-03-15,15365,Wednesday,2,3,2023,1,-0.0009752925877762886,-0.0009757684950498939,0.0034493979824274934,1,0.0038779221618583507
2023-03-16,15418,Thursday,3,3,2023,1,0.0034493979824274934,0.003443462454622367,-0.0035023997924503725,0,0.0038332245222783994
2023-03-17,15364,Friday,4,3,2023,1,-0.0035023997924503725,-0.003508547553412071,0.0005206977349647701,1,0.0032236266724901728
2023-03-20,15372,Monday,0,3,2023,1,0.0005206977349647701,0.0005205622189390558,-0.0014962269060629918,0,0.003262049041217516
2023-03-21,15349,Tuesday,1,3,2023,1,-0.0014962269060629918,-0.0014973473713265207,-0.010424131865268138,0,0.0030664947402464686
2023-03-24,15189,Friday,4,3,2023,1,-0.010424131865268138,-0.010478843675389234,-0.00098755678451512,0,0.004409335750505886
2023-03-27,15174,Monday,0,3,2023,1,-0.00098755678451512,-0.0009880447399987255,-0.005667589297482567,0,0.004328949595141685
2023-03-28,15088,Tuesday,1,3,2023,1,-0.005667589297482567,-0.005683711024781448,0.0003976670201484289,1,0.004518231429148362
2023-03-29,15094,Wednesday,2,3,2023,1,0.0003976670201484289,0.0003975879715749515,-0.0021200477010733243,0,0.003950312308992402
2023-03-30,15062,Thursday,3,3,2023,1,-0.0021200477010733243,-0.00212229818351674,-0.0056433408577878375,0,0.003957301656672354
2023-03-31,14977,Friday,4,3,2023,1,-0.0056433408577878375,-0.005659324668901467,0.000867997596314396,1,0.003768510887435209
2023-04-03,14990,Monday,0,4,2023,2,0.000867997596314396,0.0008676211042478466,-0.005136757838559047,0,0.004092914603034331
2023-04-04,14913,Tuesday,1,4,2023,2,-0.005136757838559047,-0.0051499963338611015,0.0013411117816670703,1,0.002863710409500902
2023-04-05,14933,Wednesday,2,4,2023,2,0.0013411117816670703,0.0013402132944863893,0.000669657804861723,1,0.0032002452304174685
2023-04-06,14943,Thursday,3,4,2023,2,0.000669657804861723,0.0006694336841244692,-0.002542996720872659,0,0.0029689463757860976
2023-04-10,14905,Monday,0,4,2023,2,-0.002542996720872659,-0.0025462356292212684,-0.0011405568601140503,0,0.0028825003796501187
2023-04-11,14888,Tuesday,1,4,2023,2,-0.0011405568601140503,-0.001141207790085128,-0.0014777001612036322,0,0.0028880685782706004
2023-04-12,14866,Wednesday,2,4,2023,2,-0.0014777001612036322,-0.001478793036847869,-0.00497780169514328,0,0.0022944347574724217
2023-04-13,14792,Thursday,3,4,2023,2,-0.00497780169514328,-0.00499023221827802,-0.008518117901568423,0,0.0025292878757193324
2023-04-14,14666,Friday,4,4,2023,2,-0.008518117901568423,-0.008554604413215962,0.007295786172098806,1,0.003426666356125938
2023-04-17,14773,Monday,0,4,2023,2,0.007295786172098806,0.007269300667863371,0.005550666756921396,1,0.0049120504233782026
2023-04-18,14855,Tuesday,1,4,2023,2,0.005550666756921396,0.0055353185750998835,0.0018175698418041453,1,0.005576063660874535
2023-04-26,14882,Wednesday,2,4,2023,2,0.0018175698418041453,0.0018159200604985653,-0.008802580298347018,0,0.005597800372934496
2023-04-27,14751,Thursday,3,4,2023,2,-0.008802580298347018,-0.008841551877157497,-0.006101281269066505,0,0.006493773090397286
2023-04-28,14661,Friday,4,4,2023,2,-0.006101281269066505,-0.006119970141784557,0.0028647431962349756,1,0.006744697400395448
2023-05-02,14703,Tuesday,1,5,2023,2,0.0028647431962349756,0.002860647639392745,0.0002040399918383784,1,0.006813818771490455
2023-05-03,14706,Wednesday,2,5,2023,2,0.0002040399918383784,0.0002040191785103631,-0.005031959744322023,0,0.00591005179292011
2023-05-04,14632,Thursday,3,5,2023,2,-0.005031959744322023,-0.005044662685465929,0.0028704209950791704,1,0.005324454224303816
2023-05-05,14674,Friday,4,5,2023,2,0.0028704209950791704,0.002866309203237839,0.0023851710508382418,1,0.004819126755170361
2023-05-08,14709,Monday,0,5,2023,2,0.0023851710508382418,0.0023823310454033956,0.0032633081786661577,1,0.004893191556471096
2023-05-09,14757,Tuesday,1,5,2023,2,0.0032633081786661577,0.003257995144106593,-0.0007454089584604251,0,0.003991860910933353
2023-05-10,14746,Wednesday,2,5,2023,2,-0.0007454089584604251,-0.0007456869138536453,-0.0016275600162756199,0,0.0029989209023811693
2023-05-11,14722,Thursday,3,5,2023,2,-0.0016275600162756199,-0.0016288859309446728,0.002037766607797753,1,0.0029711690719667963
2023-05-12,14752,Friday,4,5,2023,2,0.002037766607797753,0.002035693177723729,0.004067245119305785,1,0.003052713588717001
2023-05-15,14812,Monday,0,5,2023,2,0.004067245119305785,0.004058996237128168,-0.0001350256548744433,0,0.002120470405903424
2023-05-16,14810,Tuesday,1,5,2023,2,-0.0001350256548744433,-0.0001350347716588562,0.004388926401080351,1,0.002159428009476136
2023-05-17,14875,Wednesday,2,5,2023,2,0.004388926401080351,0.004379323151986043,0.004100840336134448,1,0.0024374953521839253
2023-05-19,14936,Friday,4,5,2023,2,0.004100840336134448,0.004092454807728027,-0.0026111408677021997,0,0.0025497342787535225
2023-05-22,14897,Monday,0,5,2023,2,-0.0026111408677021997,-0.0026145558419655977,-0.001275424582130591,0,0.00292191949503674
2023-05-23,14878,Tuesday,1,5,2023,2,-0.001275424582130591,-0.001276238628306229,0.0018147600483935378,1,0.0028623104346521353
2023-05-24,14905,Wednesday,2,5,2023,2,0.0018147600483935378,0.0018131153608850756,0.0031533042603153483,1,0.002856673684926854
2023-05-25,14952,Thursday,3,5,2023,2,0.0031533042603153483,0.003148343023226962,0.000468164794007464,1,0.0027375862867124894
2023-05-26,14959,Friday,4,5,2023,2,0.000468164794007464,0.00046805523906213526,0.0009358914365933391,1,0.002692401342765768
2023-05-29,14973,Monday,0,5,2023,2,0.0009358914365933391,0.0009354537632579922,-0.00026714753222467635,0,0.0023574841296006765
2023-05-30,14969,Tuesday,1,5,2023,2,-0.00026714753222467635,-0.00026718322248318107,0.0022713608123454687,1,0.0019206702668048456
2023-05-31,15003,Wednesday,2,5,2023,2,0.0022713608123454687,0.002268785171777582,-0.007665133639938704,0,0.0015253049718550711
2023-06-05,14888,Monday,0,6,2023,2,-0.007665133639938704,-0.007694661764926725,-0.003291241268135403,0,0.003620674407842915
2023-06-06,14839,Tuesday,1,6,2023,2,-0.003291241268135403,-0.0032966693159602522,0.002426039490531773,1,0.0037302211363125877
2023-06-07,14875,Wednesday,2,6,2023,2,0.002426039490531773,0.0024231014077041495,0.0018823529411764461,1,0.003615981534532888
2023-06-08,14903,Thursday,3,6,2023,2,0.0018823529411764461,0.0018805835349622422,-0.0033550291887539663,0,0.0037320268995211497
2023-06-09,14853,Friday,4,6,2023,2,-0.0033550291887539663,-0.003360669919260056,0.0014138557867098278,1,0.003802341262617296
2023-06-12,14874,Monday,0,6,2023,2,0.0014138557867098278,0.0014128572337128327,-0.0004033884630899598,0,0.0039185641400237775
2023-06-13,14868,Tuesday,1,6,2023,2,-0.0004033884630899598,-0.00040346984610275166,0.001815980629539915,1,0.003680243912844976
2023-06-14,14895,Wednesday,2,6,2023,2,0.001815980629539915,0.0018143337302398642,0.00322255790533732,1,0.0024829196522132067
2023-06-15,14943,Thursday,3,6,2023,2,0.00322255790533732,0.003217376594010378,0.0001338419326775142,1,0.002218713146312998
2023-06-16,14945,Friday,4,6,2023,2,0.0001338419326775142,0.00013383297664516233,0.003278688524590123,1,0.0021409532843907624
2023-06-19,14994,Monday,0,6,2023,2,0.003278688524590123,0.0032733253449691085,0.003067893824196366,1,0.0023286206298534784
2023-06-20,15040,Tuesday,1,6,2023,2,0.003067893824196366,0.003063197440823456,-0.0038563829787233717,0,0.0015030895169609807
2023-06-21,14982,Wednesday,2,6,2023,2,-0.0038563829787233717,-0.0038638379960025653,-0.004271792818048348,0,0.0026259509419916762
2023-06-22,14918,Thursday,3,6,2023,2,-0.004271792818048348,-0.004280942992719688,0.005362649148679344,1,0.0033016306550137644
2023-06-23,14998,Friday,4,6,2023,2,0.005362649148679344,0.0053483213462260345,0.0018669155887451883,1,0.0037758726308502254
2023-06-26,15026,Monday,0,6,2023,2,0.0018669155887451883,0.0018651750677712458,-0.0017303340875814976,0,0.0036758636316637843
2023-06-27,15000,Tuesday,1,6,2023,2,-0.0017303340875814976,-0.001731832844758771,0.002266666666666639,1,0.0037971155193115918
2023-07-03,15034,Monday,0,7,2023,3,0.002266666666666639,0.002264101653067047,-0.00106425435679125,0,0.0036930957093534353
2023-07-04,15018,Tuesday,1,7,2023,3,-0.00106425435679125,-0.0010648210775849544,-0.00033293381275800726,0,0.0035188128809358434
2023-07-05,15013,Wednesday,2,7,2023,3,-0.00033293381275800726,-0.00033298924752425956,0.0032638380070606487,1,0.003140319957817404
2023-07-06,15062,Thursday,3,7,2023,3,0.0032638380070606487,0.0032585232489921894,0.004913026158544609,1,0.0025458473106067065
2023-07-07,15136,Friday,4,7,2023,3,0.004913026158544609,0.0049009966303624145,0.0036997885835095,1,0.0024325037868420324
2023-07-10,15192,Monday,0,7,2023,3,0.0036997885835095,0.0036929612004622785,-0.001974723538704537,0,0.0025949033270720946
2023-07-11,15162,Tuesday,1,7,2023,3,-0.001974723538704537,-0.001976675875872536,-0.005144440047487153,0,0.0026479291023312258
2023-07-12,15084,Wednesday,2,7,2023,3,-0.005144440047487153,-0.005157718238001508,-0.007027313709891292,0,0.003616048577160795
2023-07-13,14978,Thursday,3,7,2023,3,-0.007027313709891292,-0.007052121568935353,-0.002203231406062267,0,0.004611799438973014
2023-07-14,14945,Friday,4,7,2023,3,-0.002203231406062267,-0.002205662091274205,0.00414854466376724,1,0.004662586051394875
2023-07-17,15007,Monday,0,7,2023,3,0.00414854466376724,0.004139963177951446,-0.0008662624108749517,0,0.0047956900735100115
2023-07-18,14994,Tuesday,1,7,2023,3,-0.0008662624108749517,-0.0008666378329822307,-0.0002000800320127727,0,0.004162180881674113
2023-07-20,14991,Thursday,3,7,2023,3,-0.0002000800320127727,-0.00020010005069264774,0.0023347341738375604,1,0.0035984949253445543
2023-07-21,15026,Friday,4,7,2023,3,0.0023347341738375604,0.002332012916791139,0.00013310262212162804,1,0.003936374513653016
2023-07-24,15028,Monday,0,7,2023,3,0.00013310262212162804,0.00013309376475357078,-0.0013973915357998745,0,0.0035591999758691453
2023-07-25,15007,Tuesday,1,7,2023,3,-0.0013973915357998745,-0.001398368797869963,0.0016658892516825397,1,0.0022238207388936173
2023-07-26,15032,Wednesday,2,7,2023,3,0.0016658892516825397,0.0016645031973116483,-0.0019292176689728047,0,0.0019705871419573393
2023-07-27,15003,Thursday,3,7,2023,3,-0.0019292176689728047,-0.0019310810062878054,0.005332266879957359,1,0.0015648230697923315
2023-07-28,15083,Friday,4,7,2023,3,0.005332266879957359,0.005318100681238921,0.0005966982695750911,1,0.002490976886783094
2023-07-31,15092,Monday,0,7,2023,3,0.0005966982695750911,0.0005965203159488625,0.0016565067585476712,1,0.0024531587130996735
2023-08-01,15117,Tuesday,1,8,2023,3,0.0016565067585476712,0.0016551362645068008,0.003572137328835101,1,0.0024028545521184892
2023-08-02,15171,Wednesday,2,8,2023,3,0.003572137328835101,0.0035657723993849522,0.0017797112912794066,1,0.002573395470107105
2023-08-03,15198,Thursday,3,8,2023,3,0.0017797112912794066,0.0017781294816374938,-0.001973943939992062,0,0.0022695014113079445
2023-08-04,15168,Friday,4,8,2023,3,-0.001973943939992062,-0.001975894734927138,0.0006592827004219259,1,0.0026863419262736477
2023-08-07,15178,Monday,0,8,2023,3,0.0006592827004219259,0.0006590654690550659,0.003360126498880067,1,0.0023230784197653194
2023-08-08,15229,Tuesday,1,8,2023,3,0.003360126498880067,0.003354493887832866,-0.0015102764462538998,0,0.0018844074311439004
2023-08-09,15206,Wednesday,2,8,2023,3,-0.0015102764462538998,-0.0015114180633089677,-0.00013152702880436795,0,0.0021756802494782637
2023-08-10,15204,Thursday,3,8,2023,3,-0.00013152702880436795,-0.00013153567924254026,0.0013812154696133394,1,0.0022009389962842655
2023-08-11,15225,Friday,4,8,2023,3,0.0013812154696133394,0.0013802624689584903,0.006436781609195474,1,0.0018777737704901835
2023-08-14,15323,Monday,0,8,2023,3,0.006436781609195474,0.006416154000078543,0.0015010115512628097,1,0.0029263191098359846
2023-08-15,15346,Tuesday,1,8,2023,3,0.0015010115512628097,0.0014998861594343025,-0.0024762153004039833,0,0.0025776361313432096
2023-08-16,15308,Wednesday,2,8,2023,3,-0.0024762153004039833,-0.0024792861920176334,0.0,0,0.0030175070787769195
2023-08-18,15308,Friday,4,8,2023,3,0.0,0.0,0.001371831721975525,1,0.002885190447879852
2023-08-21,15329,Monday,0,8,2023,3,0.001371831721975525,0.0013708916205146028,-0.00019570748254937875,0,0.002710878035786083
2023-08-22,15326,Tuesday,1,8,2023,3,-0.00019570748254937875,-0.0001957266357577332,-0.0004567401800861237,0,0.0027160428648362383
2023-08-23,15319,Wednesday,2,8,2023,3,-0.0004567401800861237,-0.000456844517653492,-0.004308375220314686,0,0.0027772221090983902
2023-08-24,15253,Thursday,3,8,2023,3,-0.004308375220314686,-0.004317683012762993,0.002884678423916709,1,0.0020884705424835523
2023-08-25,15297,Friday,4,8,2023,3,0.002884678423916709,0.00288052572333235,-0.0001961168856638995,0,0.002371774763859323
2023-08-28,15294,Monday,0,8,2023,3,-0.0001961168856638995,-0.00019613611909502894,-0.0020269386687590263,0,0.002197917483494297
2023-08-29,15263,Tuesday,1,8,2023,3,-0.0020269386687590263,-0.0020289956890484806,-0.001572430059621266,0,0.0023087995325755026
2023-08-30,15239,Wednesday,2,8,2023,3,-0.001572430059621266,-0.0015736676252612134,-0.00013124220749394233,0,0.0021933618157062526
2023-08-31,15237,Thursday,3,8,2023,3,-0.00013124220749394233,-0.00013125082050605833,0.00098444575703871,1,0.002196657186916005
2023-09-01,15252,Friday,4,9,2023,3,0.00098444575703871,0.0009839615080995845,-0.00032782585890378524,0,0.002302616355693721
2023-09-04,15247,Monday,0,9,2023,3,-0.00032782585890378524,-0.0003278796055473489,0.0008526267462451997,1,0.001632990575210339
2023-09-05,15260,Tuesday,1,9,2023,3,0.0008526267462451997,0.0008522634665409896,0.0030799475753604533,1,0.0011264383371856915
2023-09-06,15307,Wednesday,2,9,2023,3,0.0030799475753604533,0.0030752142532591968,0.0017638988697981084,1,0.0017207717685230647
2023-09-07,15334,Thursday,3,9,2023,3,0.0017638988697981084,0.0017623450271325525,0.0004565018912221497,1,0.001515560010149446
2023-09-08,15341,Friday,4,9,2023,3,0.0004565018912221497,0.0004563977259337001,0.0007170327879537641,1,0.0011713813354142365
2023-09-11,15352,Monday,0,9,2023,3,0.0007170327879537641,0.0007167758427623454,-0.0005211047420531356,0,0.0010809146831839774
2023-09-12,15344,Tuesday,1,9,2023,3,-0.0005211047420531356,-0.000521240564316364,0.0014989572471324486,1,0.0012398754400509723
2023-09-13,15367,Wednesday,2,9,2023,3,0.0014989572471324486,0.001497834932112922,-0.0006507451031431133,0,0.0011362614328322774
2023-09-14,15357,Thursday,3,9,2023,3,-0.0006507451031431133,-0.0006509569296394343,0.0006511688480823619,1,0.0013221295849846584
2023-09-15,15367,Friday,4,9,2023,3,0.0006511688480823619,0.000650956929639474,0.00039044706188584577,1,0.0009132580997144158
2023-09-18,15373,Monday,0,9,2023,3,0.00039044706188584577,0.00039037085726704583,0.0005203928966368565,1,0.000743347057484251
2023-09-19,15381,Tuesday,1,9,2023,3,0.0005203928966368565,0.0005202575392107477,0.0009752291788569512,1,0.0007450759487773491
2023-09-20,15396,Wednesday,2,9,2023,3,0.0009752291788569512,0.0009747539518263854,6.495193556776968e-05,1,0.0007709046130780738
2023-09-21,15397,Thursday,3,9,2023,3,6.495193556776968e-05,6.494982628213698e-05,-0.0009092680392284169,0,0.0006794445621876791
2023-09-22,15383,Friday,4,9,2023,3,-0.0009092680392284169,-0.000909681674167693,0.0010401092114671329,1,0.000694948921256636
2023-09-25,15399,Monday,0,9,2023,3,0.0010401092114671329,0.0010395686726617013,0.004221053315150325,1,0.0006637986893456484
2023-09-26,15464,Tuesday,1,9,2023,3,0.004221053315150325,0.0042121696597539554,0.0040093119503361585,1,0.0016006097744867569
2023-09-27,15526,Wednesday,2,9,2023,3,0.0040093119503361585,0.004001296077458718,-0.002511915496586359,0,0.0019525707325238418
2023-09-29,15487,Friday,4,9,2023,3,-0.002511915496586359,-0.0025150756494512357,0.00206624911215858,1,0.0024563687627338544
2023-10-02,15519,Monday,0,10,2023,4,0.00206624911215858,0.002064117355450365,0.005219408467040498,1,0.002490172467854462
2023-10-03,15600,Tuesday,1,10,2023,4,0.005219408467040498,0.005205834566003739,0.002307692307692344,1,0.002853032908474726
2023-10-04,15636,Wednesday,2,10,2023,4,0.002307692307692344,0.00230503367521705,-0.0022384241493987878,0,0.0025760921430438544
2023-10-05,15601,Thursday,3,10,2023,4,-0.0022384241493987878,-0.0022409331655959784,0.0017306582911351676,1,0.0030959946290877514
2023-10-06,15628,Friday,4,10,2023,4,0.0017306582911351676,0.0017291624277117738,0.003007422574865526,1,0.0029190060872414615
2023-10-09,15675,Monday,0,10,2023,4,0.003007422574865526,0.003002909326160141,0.002105263157894832,1,0.00279873598239009
2023-10-10,15708,Tuesday,1,10,2023,4,0.002105263157894832,0.00210305019677889,0.0001273236567354008,1,0.002215316261872229
2023-10-11,15710,Wednesday,2,10,2023,4,0.0001273236567354008,0.00012731555176658077,-0.0005092297899427223,0,0.002327599740613276
2023-10-12,15702,Thursday,3,10,2023,4,-0.0005092297899427223,-0.0005093594914659935,0.0004458030824099346,1,0.0018696365903869893
2023-10-13,15709,Friday,4,10,2023,4,0.0004458030824099346,0.0004457037417389465,0.00044560443058117016,1,0.0017713936176550892
2023-10-16,15716,Monday,0,10,2023,4,0.00044560443058117016,0.0004455051784106034,0.00012725884448960834,1,0.0012515033003906138
2023-10-17,15718,Tuesday,1,10,2023,4,0.00012725884448960834,0.0001272507477697701,0.0008270772362894974,1,0.0012529009083525188
2023-10-18,15731,Wednesday,2,10,2023,4,0.0008270772362894974,0.0008267353963844539,0.006801856207488299,1,0.0008142951880859717
2023-10-19,15838,Thursday,3,10,2023,4,0.006801856207488299,0.006778827947852897,0.0011365071347393396,1,0.0025040187213520694
2023-10-20,15856,Friday,4,10,2023,4,0.0011365071347393396,0.001135861799411539,0.00548688193743696,1,0.002462192304032198
2023-10-23,15943,Monday,0,10,2023,4,0.00548688193743696,0.005471883837596114,-0.004641535470112257,0,0.0027427841328087244
2023-10-24,15869,Tuesday,1,10,2023,4,-0.004641535470112257,-0.004652340844522997,0.0001260318860671905,1,0.0037651095567504287
2023-10-25,15871,Wednesday,2,10,2023,4,0.0001260318860671905,0.00012602394471627297,0.00390649612500793,1,0.0037811844648046045
2023-10-26,15933,Thursday,3,10,2023,4,0.00390649612500793,0.0038988855829503438,0.000502102554446715,1,0.0038375589117264474
2023-10-27,15941,Friday,4,10,2023,4,0.000502102554446715,0.0005019765431377597,-0.001568283043723695,0,0.003855195245098537
2023-10-30,15916,Monday,0,10,2023,4,-0.001568283043723695,-0.0015695140868273443,-0.0011937672782106334,0,0.0033506368804405154
2023-10-31,15897,Tuesday,1,10,2023,4,-0.0011937672782106334,-0.0011944803859475115,0.003082342580360997,1,0.0034154650104698367
2023-11-01,15946,Wednesday,2,11,2023,4,0.003082342580360997,0.0030776019015689047,-0.005330490405117239,0,0.0029002925308439747
2023-11-02,15861,Thursday,3,11,2023,4,-0.005330490405117239,-0.005344748158880816,-0.005674295441649324,0,0.0030919511315888773
2023-11-03,15771,Friday,4,11,2023,4,-0.005674295441649324,-0.00569045541600216,-0.014013061949147199,0,0.0037428891166593503
2023-11-06,15550,Monday,0,11,2023,4,-0.014013061949147199,-0.014112171880177578,0.0027652733118970207,1,0.005614537681734273
2023-11-07,15593,Tuesday,1,11,2023,4,0.0027652733118970207,0.0027614569775051743,0.0023087282755083205,1,0.005937035120668669
2023-11-08,15629,Wednesday,2,11,2023,4,0.0023087282755083205,0.0023060672573082066,0.0012796724038646179,1,0.006280127687103591
2023-11-09,15649,Thursday,3,11,2023,4,0.0012796724038646179,0.0012788543209783657,0.002811681257588239,1,0.0064398993905707205
2023-11-10,15693,Friday,4,11,2023,4,0.002811681257588239,0.002807735875548718,0.0012744535780284671,1,0.006403421254085011
2023-11-13,15713,Monday,0,11,2023,4,0.0012744535780284671,0.00127364215141106,-0.0008909819894354909,0,0.0063647967371512106
2023-11-14,15699,Tuesday,1,11,2023,4,-0.0008909819894354909,-0.0008913791498142606,-0.012484871647875706,0,0.0060696159738117565
2023-11-15,15503,Wednesday,2,11,2023,4,-0.012484871647875706,-0.012563462473955376,0.005934335289943915,1,0.005498647039241402
2023-11-16,15595,Thursday,3,11,2023,4,0.005934335289943915,0.005916796475541492,-0.005835203590894511,0,0.005917491535212394
2023-11-17,15504,Friday,4,11,2023,4,-0.005835203590894511,-0.005852294911356159,-0.005482456140350922,0,0.006188998189944902
2023-11-20,15419,Monday,0,11,2023,4,-0.005482456140350922,-0.005497539959194831,0.0011025358324145973,1,0.006275647965451236
2023-11-21,15436,Tuesday,1,11,2023,4,0.0011025358324145973,0.0011019284861567347,0.00958797615962692,1,0.006082782120849814
2023-11-22,15584,Wednesday,2,11,2023,4,0.00958797615962692,0.009542303224807038,0.000577515400410622,1,0.00753522259136059
2023-11-23,15593,Thursday,3,11,2023,4,0.000577515400410622,0.0005773487025690589,-0.0003847880459180164,0,0.007564912665047918
2023-11-24,15587,Friday,4,11,2023,4,-0.0003847880459180164,-0.0003848620958344481,-0.0038493616475268055,0,0.005598521168280017
2023-11-27,15527,Monday,0,11,2023,4,-0.0038493616475268055,-0.003856789507881238,-0.004959103497134021,0,0.005313039979422657
2023-11-28,15450,Tuesday,1,11,2023,4,-0.004959103497134021,-0.0049714406552782385,-0.004271844660194146,0,0.005177276822036782
2023-11-29,15384,Wednesday,2,11,2023,4,-0.004271844660194146,-0.004280995057275833,0.006500260010400494,1,0.0049988408386794775
2023-11-30,15484,Thursday,3,11,2023,4,0.006500260010400494,0.006479224428923141,0.0025833118057350113,1,0.005628161547502591
2023-12-01,15524,Friday,4,12,2023,4,0.0025833118057350113,0.00257998079125826,-0.005024478227261042,0,0.004181492392634437
2023-12-04,15446,Monday,0,12,2023,4,-0.005024478227261042,-0.005037143359587771,0.003755017480253864,1,0.004458279008123707
2023-12-05,15504,Tuesday,1,12,2023,4,0.003755017480253864,0.0037479850013383653,0.0,0,0.004863150854594489
2023-12-06,15504,Wednesday,2,12,2023,4,0.0,0.0,0.002063983488132193,1,0.004668780542154328
2023-12-07,15536,Thursday,3,12,2023,4,0.002063983488132193,0.002061856400558777,-0.0023171987641606995,0,0.004207794908682042
2023-12-08,15500,Friday,4,12,2023,4,-0.0023171987641606995,-0.002319887623768201,0.007354838709677347,1,0.0038649817285961296
2023-12-11,15614,Monday,0,12,2023,4,0.007354838709677347,0.007327923772898189,0.0010887664916101603,1,0.0040706708388933855
2023-12-12,15631,Tuesday,1,12,2023,4,0.0010887664916101603,0.0010881742152349986,-0.00012795086686712143,0,0.004024832363562076
2023-12-13,15629,Wednesday,2,12,2023,4,-0.00012795086686712143,-0.00012795905327760043,-0.008701772346279335,0,0.0031294793804971205
2023-12-14,15493,Thursday,3,12,2023,4,-0.008701772346279335,-0.008739853845901749,0.0006454527851287306,1,0.004845017652498706
2023-12-15,15503,Friday,4,12,2023,4,0.0006454527851287306,0.0006452445700703242,0.0008385473779268793,1,0.004853398900419111
2023-12-18,15516,Monday,0,12,2023,4,0.0008385473779268793,0.0008381959934956404,-0.0006444960041247505,0,0.004787966665986912
2023-12-19,15506,Tuesday,1,12,2023,4,-0.0006444960041247505,-0.0006447037809534372,0.000386946988262693,1,0.0047045574847725
2023-12-20,15512,Wednesday,2,12,2023,4,0.000386946988262693,0.00038687214358348995,0.0013537906137184308,1,0.0034912580276563877
2023-12-21,15533,Thursday,3,12,2023,4,0.0013537906137184308,0.0013528750654195104,-0.002832678812850098,0,0.0035181696829453086
2023-12-22,15489,Friday,4,12,2023,4,-0.002832678812850098,-0.00283669844014846,-0.004842146039124584,0,0.003567911117831089
2023-12-27,15414,Wednesday,2,12,2023,4,-0.004842146039124584,-0.004853907209820268,0.0001297521733489848,1,0.0022872243739095596
2023-12-28,15416,Thursday,3,12,2023,4,0.0001297521733489848,0.0001297437562638226,0.001491956408925743,1,0.0022434333143415072
2023-12-29,15439,Friday,4,12,2023,4,0.001491956408925743,0.0014908445477242525,0.0022022151693763536,1,0.002334757004316043
2024-01-02,15473,Tuesday,1,1,2024,1,0.0022022151693763536,0.0021997938477461075,0.0014218315775866852,1,0.002582548471971589
2024-01-03,15495,Wednesday,2,1,2024,1,0.0014218315775866852,0.001420821732175905,0.0019361084220717029,1,0.002657161869413974
2024-01-04,15525,Thursday,3,1,2024,1,0.0019361084220717029,0.0019342365798309684,-0.00045088566827700127,0,0.0027205363768942597
2024-01-05,15518,Friday,4,1,2024,1,-0.00045088566827700127,-0.00045098734778496735,0.00025776517592479564,1,0.002452974566924028
2024-01-08,15522,Monday,0,1,2024,1,0.00025776517592479564,0.00025773196018961985,-0.0002576987501610173,0,0.0010119246745530772
2024-01-09,15518,Tuesday,1,1,2024,1,-0.0002576987501610173,-0.00025773196018951235,0.0032220646990590573,1,0.001075877361998394
2024-01-10,15568,Wednesday,2,1,2024,1,0.0032220646990590573,0.003216884971891625,-0.000642343268242529,0,0.001377981122357388
2024-01-11,15558,Thursday,3,1,2024,1,-0.000642343268242529,-0.0006425496590668942,6.427561383204328e-05,1,0.0014474059239253324
2024-01-12,15559,Friday,4,1,2024,1,6.427561383204328e-05,6.427354824328738e-05,-0.0002570859309724005,0,0.0014385038707519628
2024-01-15,15555,Monday,0,1,2024,1,-0.0002570859309724005,-0.00025711898322532,0.002378656380584987,1,0.0013313712007312236
2024-01-16,15592,Tuesday,1,1,2024,1,0.002378656380584987,0.0023758318556593105,0.0030143663417137034,1,0.0014930801607173484
2024-01-17,15639,Wednesday,2,1,2024,1,0.0030143663417137034,0.003009832248818878,-0.0005754843660080722,0,0.0017100504947601316
2024-01-18,15630,Thursday,3,1,2024,1,-0.0005754843660080722,-0.0005756500206933352,-0.0001279590531030328,0,0.001754909937534092
2024-01-19,15628,Friday,4,1,2024,1,-0.0001279590531030328,-0.00012796724056111534,-6.398771435889294e-05,0,0.0014955884311673346
2024-01-22,15627,Monday,0,1,2024,1,-6.398771435889294e-05,-6.39897616600226e-05,0.0018557624624047087,1,0.0014334254981515735
2024-01-23,15656,Tuesday,1,1,2024,1,0.0018557624624047087,0.0018540426626108245,0.004024016351558579,1,0.001474284957159294
2024-01-24,15719,Wednesday,2,1,2024,1,0.004024016351558579,0.004015941652325862,0.0030536293657357216,1,0.0017751350818739128
2024-01-25,15767,Thursday,3,1,2024,1,0.0030536293657357216,0.003048976509243795,0.003932263588507734,1,0.0018473603755265833
2024-01-26,15829,Friday,4,1,2024,1,0.003932263588507734,0.003924552448256694,-0.000252700739149625,0,0.0019909366637800977
2024-01-29,15825,Monday,0,1,2024,1,-0.000252700739149625,-0.0002527326733613876,-0.0018325434439178112,0,0.0019315981585210705
2024-01-30,15796,Tuesday,1,1,2024,1,-0.0018325434439178112,-0.00183422460583686,0.0004431501645987268,1,0.002286299175999052
2024-01-31,15803,Wednesday,2,1,2024,1,0.0004431501645987268,0.0004430520025638121,-0.0017718154780738127,0,0.00223492857454853
2024-02-01,15775,Thursday,3,2,2024,1,-0.0017718154780738127,-0.0017733869996898767,-0.0055150554675118535,0,0.002562696525037804
2024-02-02,15688,Friday,4,2,2024,1,-0.0055150554675118535,-0.005530319533231667,0.0010836308006119122,1,0.0032014460097386315
2024-02-05,15705,Monday,0,2,2024,1,0.0010836308006119122,0.0010830440965646933,0.0018465456860872198,1,0.0029357368888614462
2024-02-06,15734,Tuesday,1,2,2024,1,0.0018465456860872198,0.0018448429164408752,-0.003114274818863616,0,0.0024749945325424363
2024-02-07,15685,Wednesday,2,2,2024,1,-0.003114274818863616,-0.0031191342644092943,-0.004654128147911996,0,0.00259213476581082
2024-02-12,15612,Monday,0,2,2024,1,-0.004654128147911996,-0.004664992324272916,-0.0017294388931591298,0,0.0028977285032692405
2024-02-13,15585,Tuesday,1,2,2024,1,-0.0017294388931591298,-0.0017309360990681475,0.0013474494706449125,1,0.002745536602955222
2024-02-15,15606,Thursday,3,2,2024,1,0.0013474494706449125,0.001346542475269147,0.003075740099961477,1,0.003024565706917198
2024-02-16,15654,Friday,4,2,2024,1,0.003075740099961477,0.0030710196880768125,-0.0015331544653123252,0,0.0028762127815727062
2024-02-19,15630,Monday,0,2,2024,1,-0.0015331544653123252,-0.0015343309492610842,0.001855406269993587,1,0.0028347733196273936
2024-02-20,15659,Tuesday,1,2,2024,1,0.001855406269993587,0.0018536871299206044,-6.386103838051937e-05,0,0.0028360898665011937
2024-02-21,15658,Wednesday,2,2,2024,1,-6.386103838051937e-05,-6.386307758344844e-05,-0.0017882232724485414,0,0.002625928278878887
2024-02-22,15630,Thursday,3,2,2024,1,-0.0017882232724485414,-0.001789824052337159,-0.0026231605886116727,0,0.001959960500310204
2024-02-23,15589,Friday,4,2,2024,1,-0.0026231605886116727,-0.0026266071028413925,0.002950798640066754,1,0.002126494435795451
2024-02-26,15635,Monday,0,2,2024,1,0.002950798640066754,0.00294645357926077,0.0012791813239527716,1,0.002363517948585502
2024-02-27,15655,Tuesday,1,2,2024,1,0.0012791813239527716,0.0012783638685645133,0.0011497923985948066,1,0.0020901419759107127
2024-02-28,15673,Wednesday,2,2,2024,1,0.0011497923985948066,0.001149131893562169,0.0026797677534613484,1,0.0020041958716864685
2024-02-29,15715,Thursday,3,2,2024,1,0.0026797677534613484,0.0026761835775998225,-0.0012090359529112193,0,0.002124631088175041
2024-03-01,15696,Friday,4,3,2024,1,-0.0012090359529112193,-0.0012097674265236402,0.0017201834862385912,1,0.0022182946402729184
2024-03-04,15723,Monday,0,3,2024,1,0.0017201834862385912,0.0017187056651316857,0.0020988360999809608,1,0.002044793549658263
2024-03-05,15756,Tuesday,1,3,2024,1,0.0020988360999809608,0.0020966366205205905,-0.0020944402132521134,0,0.0013778636930601
2024-03-06,15723,Wednesday,2,3,2024,1,-0.0020944402132521134,-0.0020966366205205688,-0.004134071106023041,0,0.0017713329532800864
2024-03-07,15658,Thursday,3,3,2024,1,-0.004134071106023041,-0.004142640002416465,-0.0035125814280240197,0,0.002544534677498888
2024-03-08,15603,Friday,4,3,2024,1,-0.0035125814280240197,-0.003518765026677345,-0.0017304364545279727,0,0.002800355459111634
2024-03-13,15576,Wednesday,2,3,2024,1,-0.0017304364545279727,-0.0017319353891465444,0.00038520801232655444,1,0.0023970796228131716
2024-03-14,15582,Thursday,3,3,2024,1,0.00038520801232655444,0.00038513383876772895,0.0026954177897573484,1,0.002478098947840672
2024-03-15,15624,Friday,4,3,2024,1,0.0026954177897573484,0.002691791665711353,0.003072196620583778,1,0.0026779665494425365
2024-03-18,15672,Monday,0,3,2024,1,0.003072196620583778,0.0030674870678618796,0.002552322613578406,1,0.0028769212368444192
2024-03-19,15712,Tuesday,1,3,2024,1,0.002552322613578406,0.0025490709698704943,0.0009546843177188347,1,0.003048882650057452
2024-03-20,15727,Wednesday,2,3,2024,1,0.0009546843177188347,0.0009542288964782148,-0.0041330196477396,0,0.002477606748836494
2024-03-21,15662,Thursday,3,3,2024,1,-0.0041330196477396,-0.004141584179842504,0.007087217469033291,1,0.0026561014522307287
2024-03-22,15773,Friday,4,3,2024,1,0.007087217469033291,0.007062221176591024,0.0013947885627338952,1,0.0033831284669440377
2024-03-25,15795,Monday,0,3,2024,1,0.0013947885627338952,0.0013938167487116287,0.0001266223488445295,1,0.003334173078790382
2024-03-26,15797,Tuesday,1,3,2024,1,0.0001266223488445295,0.00012661433291157308,0.003544976894346963,1,0.0033783931909980333
2024-03-27,15853,Wednesday,2,3,2024,1,0.003544976894346963,0.003538708274130549,0.0012615908660822406,1,0.0034175996518049697
2024-03-28,15873,Thursday,3,3,2024,1,0.0012615908660822406,0.0012607957290137303,0.002268002268002167,1,0.0033951276147338853
2024-04-01,15909,Monday,0,4,2024,2,0.002268002268002167,0.0022654342329981674,0.0015714375510718082,1,0.0033989729046162045
2024-04-02,15934,Tuesday,1,4,2024,2,0.0015714375510718082,0.0015702041350717576,-0.00069034768419729,0,0.002280101218634736
2024-04-03,15923,Wednesday,2,4,2024,2,-0.00069034768419729,-0.0006905860838852577,-0.0010048357721534895,0,0.0013752250047514407
2024-04-04,15907,Thursday,3,4,2024,2,-0.0010048357721534895,-0.001005340958065593,-0.0021374237756962566,0,0.001637129997787288
2024-04-05,15873,Friday,4,4,2024,2,-0.0021374237756962566,-0.0021397113261190865,0.019089019089019166,1,0.0020201085436004074
2024-04-16,16176,Tuesday,1,4,2024,2,0.019089019089019166,0.01890910968801131,0.003956478733926794,1,0.007242120813625682
2024-04-17,16240,Wednesday,2,4,2024,2,0.003956478733926794,0.00394867245541628,-0.00387931034482758,0,0.007213071667480307
2024-04-18,16177,Thursday,3,4,2024,2,-0.00387931034482758,-0.0038868543859749065,0.006367064350621288,1,0.0077127379562976885
2024-04-19,16280,Friday,4,4,2024,2,0.006367064350621288,0.006346880226837295,-0.003439803439803435,0,0.007838757585681498
2024-04-22,16224,Monday,0,4,2024,2,-0.003439803439803435,-0.003445733165621576,0.0012327416173569805,1,0.008123001547979684
2024-04-23,16244,Tuesday,1,4,2024,2,0.0012327416173569805,0.0012319824152786769,-0.0051095789214479215,0,0.0079970821159484
2024-04-24,16161,Wednesday,2,4,2024,2,-0.0051095789214479215,-0.005122677457544965,0.002908235876492693,1,0.008386294855030684
2024-04-25,16208,Thursday,3,4,2024,2,0.002908235876492693,0.0029040151398210742,0.0008637709772951752,1,0.004443920344387629
2024-04-26,16222,Friday,4,4,2024,2,0.0008637709772951752,0.0008633981418254249,0.0016644063617310412,1,0.004163857869454561
2024-04-29,16249,Monday,0,4,2024,2,0.0016644063617310412,0.0016630227724863005,0.0016616407163518865,1,0.003852328742143479
2024-04-30,16276,Tuesday,1,4,2024,2,0.0016616407163518865,0.0016602617188044096,-0.004546571639223451,0,0.003009012292207824
2024-05-02,16202,Thursday,3,5,2024,2,-0.004546571639223451,-0.004556938731144073,-0.006665843722997167,0,0.0032394220234335425
2024-05-03,16094,Friday,4,5,2024,2,-0.006665843722997167,-0.006688159684358412,-0.004287312041754698,0,0.003961165365458538
2024-05-06,16025,Monday,0,5,2024,2,-0.004287312041754698,-0.004296528917207366,0.0018096723868954445,1,0.003839609437830301
2024-05-07,16054,Tuesday,1,5,2024,2,0.0018096723868954445,0.001808036902651343,0.0016818238445246436,1,0.0036622717487054175
2024-05-08,16081,Wednesday,2,5,2024,2,0.0016818238445246436,0.0016804111625023867,0.00024874074995340223,1,0.0037568810079205176
2024-05-13,16085,Monday,0,5,2024,2,0.00024874074995340223,0.00024870981910212766,0.0028598072738577063,1,0.0036094258258952236
2024-05-14,16131,Tuesday,1,5,2024,2,0.0028598072738577063,0.002855725804661129,-0.0037815386522843664,0,0.0038041016248323064
2024-05-15,16070,Wednesday,2,5,2024,2,-0.0037815386522843664,-0.0037887067462294504,-0.00784069695084011,0,0.0037035036323219564
2024-05-16,15944,Thursday,3,5,2024,2,-0.00784069695084011,-0.007871596838927658,0.0021324636226793814,1,0.004011651411327563
2024-05-17,15978,Friday,4,5,2024,2,0.0021324636226793814,0.002130193149356588,0.00012517211165352649,1,0.003956669315913663
2024-05-20,15980,Monday,0,5,2024,2,0.00012517211165352649,0.00012516427827843183,0.0027534418022527873,1,0.003848402298417308
2024-05-21,16024,Tuesday,1,5,2024,2,0.0027534418022527873,0.0027496580253884924,-0.0018097853220169213,0,0.003975888754354779
2024-05-22,15995,Wednesday,2,5,2024,2,-0.0018097853220169213,-0.0018114249620357493,0.004313848077524218,1,0.003986836196905527
2024-05-27,16064,Monday,0,5,2024,2,0.004313848077524218,0.004304570107837356,0.0019297808764939806,1,0.004238044983574563
2024-05-28,16095,Tuesday,1,5,2024,2,0.0019297808764939806,0.0019279212414527516,0.004038521279900564,1,0.004067314964993006
2024-05-29,16160,Wednesday,2,5,2024,2,0.004038521279900564,0.004030388342177809,0.005754950495049593,1,0.002160918734475413
2024-05-30,16253,Thursday,3,5,2024,2,0.005754950495049593,0.0057384540280896405,-0.0001230542053775041,0,0.0026037445410291085
2024-05-31,16251,Friday,4,5,2024,2,-0.0001230542053775041,-0.00012306177716740142,-0.001599901544520388,0,0.0026419011416792407
2024-06-03,16225,Monday,0,6,2024,2,-0.001599901544520388,-0.0016011827537178662,-0.00030816640986131016,0,0.003029887526034143
2024-06-04,16220,Tuesday,1,6,2024,2,-0.00030816640986131016,-0.0003082139028868143,0.0038224414303329457,1,0.0027754391734714267
2024-06-05,16282,Wednesday,2,6,2024,2,0.0038224414303329457,0.003815154464519148,-0.0001842525488269242,0,0.002713040959258363
2024-06-06,16279,Thursday,3,6,2024,2,-0.0001842525488269242,-0.00018426952541315036,-0.003747158916395321,0,0.0028277762907986123
2024-06-07,16218,Friday,4,6,2024,2,-0.003747158916395321,-0.0037541971040072463,0.004439511653718142,1,0.0032262846412130105
2024-06-10,16290,Monday,0,6,2024,2,0.004439511653718142,0.004429686091588258,0.0003069367710251125,1,0.002893692266384534
2024-06-11,16295,Tuesday,1,6,2024,2,0.0003069367710251125,0.0003068896755710468,0.00012273703590048868,1,0.0028871561303359986
2024-06-12,16297,Wednesday,2,6,2024,2,0.00012273703590048868,0.00012272950432676025,-0.0006749708535312982,0,0.0027601016367821735
2024-06-13,16286,Thursday,3,6,2024,2,-0.0006749708535312982,-0.0006751987489121198,0.005403413975193505,1,0.002784327842932538
2024-06-14,16374,Friday,4,6,2024,2,0.005403413975193505,0.0053888679093169346,-0.0003664345914253797,0,0.003131020119331706
2024-06-19,16368,Wednesday,2,6,2024,2,-0.0003664345914253797,-0.00036650174498570223,0.003176930596285432,1,0.003141356245331609
2024-06-20,16420,Thursday,3,6,2024,2,0.003176930596285432,0.0031718948150114934,0.0023142509135201106,1,0.002501108198642034
2024-06-21,16458,Friday,4,6,2024,2,0.0023142509135201106,0.002311577159239031,-0.0016405395552314683,0,0.0022399656674934047
2024-06-24,16431,Monday,0,6,2024,2,-0.0016405395552314683,-0.0016418867138271879,-0.003164749558760893,0,0.0025125219017508712
2024-06-25,16379,Tuesday,1,6,2024,2,-0.003164749558760893,-0.0031697679694515,0.0034190121497039705,1,0.003004969212168765
2024-06-26,16435,Wednesday,2,6,2024,2,0.0034190121497039705,0.0034131806159403335,-0.0008518405841192456,0,0.0030855144114522903
2024-06-27,16421,Thursday,3,6,2024,2,-0.0008518405841192456,-0.0008522036064823842,-0.0016442360392180388,0,0.0025652888471466135
2024-06-28,16394,Friday,4,6,2024,2,-0.0016442360392180388,-0.0016455892788613932,-0.0023789191167500334,0,0.0026730648788853106
2024-07-01,16355,Monday,0,7,2024,3,-0.0023789191167500334,-0.0023817532404916747,0.001773158055640378,1,0.002469677815257627
2024-07-02,16384,Tuesday,1,7,2024,3,0.001773158055640378,0.0017715878667499485,0.00018310546875,1,0.0023712646703298525
2024-07-03,16387,Wednesday,2,7,2024,3,0.00018310546875,0.00018308870698973903,-0.0028071031915543054,0,0.0023433973372760093
2024-07-04,16341,Thursday,3,7,2024,3,-0.0028071031915543054,-0.002811050494439937,-0.0017746771923382587,0,0.0022752320099586132
2024-07-05,16312,Friday,4,7,2024,3,-0.0017746771923382587,-0.0017762537974930228,-0.002881314369789112,0,0.0015955285839761634
2024-07-08,16265,Monday,0,7,2024,3,-0.002881314369789112,-0.0028854733468392734,0.000983707347064211,1,0.0017281636427359055
2024-07-09,16281,Tuesday,1,7,2024,3,0.000983707347064211,0.0009832238240626491,-0.0015355322154658735,0,0.0019304709103223187
2024-07-10,16256,Wednesday,2,7,2024,3,-0.0015355322154658735,-0.0015367123533060706,-0.0034448818897637734,0,0.001853689273920858
2024-07-11,16200,Thursday,3,7,2024,3,-0.0034448818897637734,-0.0034508291577329897,-0.0028395061728394566,0,0.0016548369770012744
2024-07-12,16154,Friday,4,7,2024,3,-0.0028395061728394566,-0.0028435452182337733,0.0012380834468244117,1,0.001494878742559297
2024-07-15,16174,Monday,0,7,2024,3,0.0012380834468244117,0.0012373176535259284,0.0017930011128972634,1,0.0018823721051488055
2024-07-16,16203,Tuesday,1,7,2024,3,0.0017930011128972634,0.0017913956052333822,-0.004567055483552407,0,0.0022348185954898037
2024-07-17,16129,Wednesday,2,7,2024,3,-0.004567055483552407,-0.004577516343818247,0.001922003844007758,1,0.0025476752256555994
2024-07-18,16160,Thursday,3,7,2024,3,0.001922003844007758,0.0019201591579038964,0.0024133663366336933,1,0.0027014354796841586
2024-07-19,16199,Friday,4,7,2024,3,0.0024133663366336933,0.0024104588450515867,0.0017902339650595067,1,0.0029839130180328442
2024-07-22,16228,Monday,0,7,2024,3,0.0017902339650595067,0.0017886334061998584,-0.0014789253142716285,0,0.002770377928819738
2024-07-23,16204,Tuesday,1,7,2024,3,-0.0014789253142716285,-0.0014800200037566756,0.0012342631449024921,1,0.0025565702389193554
2024-07-24,16224,Wednesday,2,7,2024,3,0.0012342631449024921,0.0012335020683285334,0.002712031558185446,1,0.0025563726808307393
2024-07-25,16268,Thursday,3,7,2024,3,0.002712031558185446,0.0027083606362054836,0.0015982296533070262,1,0.0026585581081042487
2024-07-26,16294,Friday,4,7,2024,3,0.0015982296533070262,0.001596953843471852,-0.0004909782742114066,0,0.0013841391142952477
2024-07-29,16286,Monday,0,7,2024,3,-0.0004909782742114066,-0.0004910988435104998,0.0020876826722338038,1,0.001540053553836133
2024-07-30,16320,Tuesday,1,7,2024,3,0.0020876826722338038,0.002085506491021361,-0.0015931372549019551,0,0.001498645305183648
2024-07-31,16294,Wednesday,2,7,2024,3,-0.0015931372549019551,-0.0015944076475109129,-0.003129986498097481,0,0.0017500815421201761
2024-08-01,16243,Thursday,3,8,2024,3,-0.003129986498097481,-0.0031348951511913116,-0.0005540848365449547,0,0.0021424937464962646
2024-08-02,16234,Friday,4,8,2024,3,-0.0005540848365449547,-0.0005542383982747698,-0.00492792903782191,0,0.0021251916784629423
2024-08-05,16154,Monday,0,8,2024,3,-0.00492792903782191,-0.004940111318879441,0.0017952209978953082,1,0.0024885614776565205
2024-08-06,16183,Tuesday,1,8,2024,3,0.0017952209978953082,0.001793611514643857,-0.005128838905023803,0,0.0025236882689092023
2024-08-07,16100,Wednesday,2,8,2024,3,-0.005128838905023803,-0.005142036544331075,-0.009192546583850936,0,0.0029506988885689253
2024-08-08,15952,Thursday,3,8,2024,3,-0.009192546583850936,-0.0092350587709348,-0.0023821464393180003,0,0.003598984198565225
2024-08-09,15914,Friday,4,8,2024,3,-0.0023821464393180003,-0.0023849882641394757,0.003079049893175867,1,0.003550145270008272
2024-08-12,15963,Monday,0,8,2024,3,0.003079049893175867,0.003074319326998896,-0.004886299567750441,0,0.004312792845104575
2024-08-13,15885,Tuesday,1,8,2024,3,-0.004886299567750441,-0.0048982765608624815,-0.012212779351589598,0,0.0043013449630434014
2024-08-14,15691,Wednesday,2,8,2024,3,-0.012212779351589598,-0.012287968144548335,-0.00025492320438469385,0,0.005541673100922091
2024-08-15,15687,Thursday,3,8,2024,3,-0.00025492320438469385,-0.0002549557028279496,0.0018486644992670165,1,0.005219967860323708
2024-08-16,15716,Friday,4,8,2024,3,0.0018486644992670165,0.0018469578221101874,-0.007953677780605739,0,0.005710241376123082
2024-08-19,15591,Monday,0,8,2024,3,-0.007953677780605739,-0.007985477001798821,-0.007119492014623807,0,0.005515404794911227
2024-08-20,15480,Tuesday,1,8,2024,3,-0.007119492014623807,-0.007144956532833424,-0.0015503875968991832,0,0.005679097601922605
2024-08-21,15456,Wednesday,2,8,2024,3,-0.0015503875968991832,-0.001551590691418833,0.007958074534161419,1,0.0049475031556753726
2024-08-22,15579,Thursday,3,8,2024,3,0.007958074534161419,0.00792657606012933,-0.0016047243083637808,0,0.0068371001626867265
2024-08-23,15554,Friday,4,8,2024,3,-0.0016047243083637808,-0.0016060132575399838,-0.01118683296901124,0,0.005402555264997641
2024-08-26,15380,Monday,0,8,2024,3,-0.01118683296901124,-0.011249876195253696,0.008387516254876548,1,0.006542198251074071
2024-08-27,15509,Tuesday,1,8,2024,3,0.008387516254876548,0.008352536499817965,-0.0021277967631697647,0,0.0076794798082910854
2024-08-28,15476,Wednesday,2,8,2024,3,-0.0021277967631697647,-0.0021300637390492595,-0.004329284052726812,0,0.007209940526726049
2024-08-29,15409,Thursday,3,8,2024,3,-0.004329284052726812,-0.00433868253855021,0.00415341683431758,1,0.0068857845505972196
2024-08-30,15473,Friday,4,8,2024,3,0.00415341683431758,0.0041448152078192215,0.004071608608543942,1,0.007095804665522673
2024-09-02,15536,Monday,0,9,2024,3,0.004071608608543942,0.004063342041433547,0.001351699279093621,1,0.006517464985239601
2024-09-03,15557,Tuesday,1,9,2024,3,0.001351699279093621,0.0013507865560152422,-0.004306742945297981,0,0.006521700578524457
2024-09-04,15490,Wednesday,2,9,2024,3,-0.004306742945297981,-0.004316043676207217,-0.005164622336991553,0,0.00483069403308549
2024-09-05,15410,Thursday,3,9,2024,3,-0.005164622336991553,-0.0051780050967528265,-0.0024659312134976963,0,0.004050878515927514
2024-09-06,15372,Friday,4,9,2024,3,-0.0024659312134976963,-0.0024689766294268465,0.004813947436898225,1,0.004069804793979069
2024-09-09,15446,Monday,0,9,2024,3,0.004813947436898225,0.004802397444474593,6.474168069403596e-05,1,0.004267942515239151
2024-09-10,15447,Tuesday,1,9,2024,3,6.474168069403596e-05,6.473958504187663e-05,-0.002071599663365009,0,0.003927135418112012
2024-09-11,15415,Wednesday,2,9,2024,3,-0.002071599663365009,-0.0020737483940002728,0.0003892312682451937,1,0.003463971616738597
2024-09-12,15421,Thursday,3,9,2024,3,0.0003892312682451937,0.0003891555374056737,-0.001037546203229378,0,0.003367518038879271
2024-09-13,15405,Friday,4,9,2024,3,-0.001037546203229378,-0.001038084826888148,-0.004349237260629635,0,0.003087040009685022
2024-09-17,15338,Tuesday,1,9,2024,3,-0.004349237260629635,-0.004358722705963712,0.0007823705828660099,1,0.00290280806807383
2024-09-18,15350,Wednesday,2,9,2024,3,0.0007823705828660099,0.0007820646905385841,-0.004104234527687267,0,0.00282588535396285
2024-09-19,15287,Thursday,3,9,2024,3,-0.004104234527687267,-0.004112680014309054,-0.01223261594819125,0,0.002111979758261506
2024-09-20,15100,Friday,4,9,2024,3,-0.01223261594819125,-0.012308050198018408,0.006026490066225243,1,0.0044683845607465895
2024-09-23,15191,Monday,0,9,2024,3,0.006026490066225243,0.006008403404647042,-0.00032914225528268837,0,0.0056969656990889595
2024-09-24,15186,Tuesday,1,9,2024,3,-0.00032914225528268837,-0.0003291964344835637,-0.0061899117608323895,0,0.005651126484306677
2024-09-25,15092,Wednesday,2,9,2024,3,-0.0061899117608323895,-0.00620914868897802,0.005234561357010392,1,0.005810611531231024
2024-09-26,15171,Thursday,3,9,2024,3,0.005234561357010392,0.0052209086638916975,-0.00217520268934146,0,0.006505290527464025
2024-09-27,15138,Friday,4,9,2024,3,-0.00217520268934146,-0.0021775718789799267,0.0003963535473643365,1,0.00642305982485591
2024-09-30,15144,Monday,0,9,2024,3,0.0003963535473643365,0.0003962750200461179,0.003961965134706924,1,0.006400379446818289
2024-10-01,15204,Tuesday,1,10,2024,4,0.003961965134706924,0.003954137219980694,0.002828203104446203,1,0.004393640981146512
2024-10-02,15247,Wednesday,2,10,2024,4,0.002828203104446203,0.0028242112627676883,0.00964124089984919,1,0.003926316862670693
2024-10-03,15394,Thursday,3,10,2024,4,0.00964124089984919,0.009595060722355723,0.006560997791347223,1,0.0051631534704530925
2024-10-04,15495,Friday,4,10,2024,4,0.006560997791347223,0.006539568127585829,0.011939335269441687,1,0.0039027945199932397
2024-10-07,15680,Monday,0,10,2024,4,0.011939335269441687,0.01186862368255016,-0.000573979591836693,0,0.0049771360058728144
2024-10-08,15671,Tuesday,1,10,2024,4,-0.000573979591836693,-0.0005741443811827803,-0.004083976772382147,0,0.004632020195582408
2024-10-09,15607,Wednesday,2,10,2024,4,-0.004083976772382147,-0.004092338980662456,0.0032677644646632587,1,0.005580077295238757
2024-10-10,15658,Thursday,3,10,2024,4,0.0032677644646632587,0.0032624369253058624,-0.003129390726784975,0,0.005593375986799809
2024-10-11,15609,Friday,4,10,2024,4,-0.003129390726784975,-0.003134297509446242,-0.0017938368889742762,0,0.006252761337595357
2024-10-14,15581,Monday,0,10,2024,4,-0.0017938368889742762,-0.0017954477410585734,-0.0016686990565432103,0,0.005824813333211318
2024-10-15,15555,Tuesday,1,10,2024,4,-0.0016686990565432103,-0.0016700928856171857,-0.0012214721954355579,0,0.005511919244880547
2024-10-16,15536,Wednesday,2,10,2024,4,-0.0012214721954355579,-0.0012222188006312527,-0.0012873326467559565,0,0.002341321450697057
2024-10-17,15516,Thursday,3,10,2024,4,-0.0012873326467559565,-0.0012881619712483943,-0.0032224800206238635,0,0.0023189592946761717
2024-10-18,15466,Friday,4,10,2024,4,-0.0032224800206238635,-0.003227683390877023,-6.465795939480934e-05,0,0.0021712125097690673
2024-10-21,15465,Monday,0,10,2024,4,-6.465795939480934e-05,-6.46600498107744e-05,0.006142903330100147,1,0.0011133411809156305
2024-10-22,15560,Tuesday,1,10,2024,4,0.006142903330100147,0.006124112613212525,0.003856041131105492,1,0.003046327223141162
2024-10-23,15620,Wednesday,2,10,2024,4,0.003856041131105492,0.0038486256612944563,-0.0017285531370038187,0,0.0033612593185720803
2024-10-24,15593,Thursday,3,10,2024,4,-0.0017285531370038187,-0.001730048808791484,0.0023087282755083205,1,0.003367356892606037
2024-10-25,15629,Friday,4,10,2024,4,0.0023087282755083205,0.0023060672573082066,0.0063983620193230895,1,0.003357096893101373
2024-10-28,15729,Monday,0,10,2024,4,0.0063983620193230895,0.006377979398448932,0.00197088181066829,1,0.0037676643030647586
2024-10-29,15760,Tuesday,1,10,2024,4,0.00197088181066829,0.0019689421712277416,-0.0017766497461928488,0,0.0030146599300741733
2024-10-30,15732,Wednesday,2,10,2024,4,-0.0017766497461928488,-0.001778229860169922,-0.0017162471395880674,0,0.003328838563245778
2024-10-31,15705,Thursday,3,10,2024,4,-0.0017162471395880674,-0.0017177215789531985,0.0011461318051575464,1,0.0032015609501465014
2024-11-01,15723,Friday,4,11,2024,4,0.0011461318051575464,0.0011454754975289804,0.0017808306302868893,1,0.003003334589909029
2024-11-04,15751,Monday,0,11,2024,4,0.0017808306302868893,0.0017792468314595353,0.0009523204875880875,1,0.0027671746875982074
2024-11-05,15766,Tuesday,1,11,2024,4,0.0009523204875880875,0.000951867318118107,0.0046936445515666225,1,0.002743794111301416
2024-11-06,15840,Wednesday,2,11,2024,4,0.0046936445515666225,0.004682663748563265,-0.004608585858585812,0,0.0022448455747313425
2024-11-07,15767,Thursday,3,11,2024,4,-0.004608585858585812,-0.004619238130935044,-0.006088666201560233,0,0.0030202947969186268
2024-11-08,15671,Friday,4,11,2024,4,-0.006088666201560233,-0.006107277714265751,0.0003828728224108957,1,0.003802232605472447
2024-11-11,15677,Monday,0,11,2024,4,0.0003828728224108957,0.00038279954531510093,0.005996045161701824,1,0.003777985815552431
2024-11-12,15771,Tuesday,1,11,2024,4,0.005996045161701824,0.005978140419026661,0.0006974827214507595,1,0.004457066460350279
2024-11-13,15782,Wednesday,2,11,2024,4,0.0006974827214507595,0.0006972395934225623,0.005766062602965416,1,0.004421315038470442
2024-11-14,15873,Thursday,3,11,2024,4,0.005766062602965416,0.00574950249126112,0.00094500094500094,1,0.004889709162010633
2024-11-15,15888,Friday,4,11,2024,4,0.00094500094500094,0.000944554712712409,-0.0025176233635447742,0,0.00461244964938984
2024-11-18,15848,Monday,0,11,2024,4,-0.0025176233635447742,-0.002520797906566932,-0.002019182231196348,0,0.004286063912367211
2024-11-19,15816,Tuesday,1,11,2024,4,-0.002019182231196348,-0.0020212235279340016,0.0026555386949924653,1,0.0033823383270991923
2024-11-20,15858,Wednesday,2,11,2024,4,0.0026555386949924653,0.002652018981891414,0.005297010972379779,1,0.003386760833686333
2024-11-21,15942,Thursday,3,11,2024,4,0.005297010972379779,0.005283031155524213,-0.0019445489900891122,0,0.0032456116487068914
2024-11-22,15911,Friday,4,11,2024,4,-0.0019445489900891122,-0.0019464420800120346,-0.0029539312425366226,0,0.0035036608050225504
2024-11-25,15864,Monday,0,11,2024,4,-0.0029539312425366226,-0.0029583027082246177,0.004160363086233021,1,0.0031296914557650555
2024-11-26,15930,Tuesday,1,11,2024,4,0.004160363086233021,0.0041517327044623435,-0.004143126177024503,0,0.0035157928447064365
2024-11-28,15864,Thursday,3,11,2024,4,-0.004143126177024503,-0.004151732704462324,-0.0005042864346949116,0,0.003783681282200596
2024-11-29,15856,Friday,4,11,2024,4,-0.0005042864346949116,-0.000504413629862683,0.0030903128153381143,1,0.003681045358016794
2024-12-02,15905,Monday,0,12,2024,4,0.0030903128153381143,0.003085547613475328,0.002829298962590432,1,0.0037293486693357257
2024-12-03,15950,Tuesday,1,12,2024,4,0.002829298962590432,0.0028253040297461975,0.00043887147335430754,1,0.003284696435589819
2024-12-04,15957,Wednesday,2,12,2024,4,0.00043887147335430754,0.00043877519743671804,-0.004073447389860263,0,0.003161872337377238
2024-12-05,15892,Thursday,3,12,2024,4,-0.004073447389860263,-0.004081766475937725,-0.0027686886483765383,0,0.0033823128424200115
2024-12-06,15848,Friday,4,12,2024,4,-0.0027686886483765383,-0.0027725285561027,0.0008202927814235927,1,0.0030476674754623405
2024-12-09,15861,Monday,0,12,2024,4,0.0008202927814235927,0.0008199565251731171,0.00081962045268269,1,0.0026759688218424534
2024-12-10,15874,Tuesday,1,12,2024,4,0.00081962045268269,0.0008192847472609586,0.001952878921506862,1,0.002683370555942436
2024-12-11,15905,Wednesday,2,12,2024,4,0.001952878921506862,0.001950974532423624,0.002137692549512682,1,0.0025057419566305913
2024-12-12,15939,Thursday,3,12,2024,4,0.002137692549512682,0.0021354109358083895,0.0030114812723507356,1,0.0023868424159686715
2024-12-13,15987,Friday,4,12,2024,4,0.0030114812723507356,0.0030069558458389253,0.0020016263213862295,1,0.002664437352480873
2024-12-16,16019,Monday,0,12,2024,4,0.0020016263213862295,0.001999625736591629,0.0019352019476870375,1,0.00188794906246245
2024-12-17,16050,Tuesday,1,12,2024,4,0.0019352019476870375,0.001933331856678364,0.0031152647975076775,1,0.0007715069682448385
2024-12-18,16100,Wednesday,2,12,2024,4,0.0031152647975076775,0.00311042241439233,0.010993788819875672,1,0.0007676486802673285
2024-12-19,16277,Thursday,3,12,2024,4,0.010993788819875672,0.010933796418943749,-0.00043005467838053146,0,0.0032806719079225767
2024-12-20,16270,Friday,4,12,2024,4,-0.00043005467838053146,-0.0004301471784147289,-0.006822372464658888,0,0.0035870507364335292
2024-12-23,16159,Monday,0,12,2024,4,-0.006822372464658888,-0.00684575124083564,0.0030323658642241735,1,0.00526315701369264
2024-12-24,16208,Tuesday,1,12,2024,4,0.0030323658642241735,0.003027777516216672,0.002653010858835181,1,0.005263854273066909
2024-12-27,16251,Friday,4,12,2024,4,0.002653010858835181,0.002649497837543979,-0.005476586056242683,0,0.0052703698971355
2024-12-30,16162,Monday,0,12,2024,4,-0.005476586056242683,-0.005491637532615602,-0.00030936765251821097,0,0.005995958462949832
2024-12-31,16157,Tuesday,1,12,2024,4,-0.00030936765251821097,-0.0003094155165624025,0.004889521569598321,1,0.005933717923723655
2025-01-02,16236,Thursday,3,1,2025,1,0.004889521569598321,0.004877606681957852,-0.0011702389751170328,0,0.0044040282548559176
2025-01-03,16217,Friday,4,1,2025,1,-0.0011702389751170328,-0.001170924239413968,-0.0014799284701239035,0,0.004414873266690061
2025-01-06,16193,Monday,0,1,2025,1,-0.0014799284701239035,-0.0014810246459035596,-0.0014821219045266787,0,0.003492026922977003
2025-01-07,16169,Tuesday,1,1,2025,1,-0.0014821219045266787,-0.0014832213336562262,0.0019790958006060677,1,0.003316625486583079
2025-01-08,16201,Wednesday,2,1,2025,1,0.0019790958006060677,0.001977139970603567,0.0022838096413801967,1,0.003223918255952669
2025-01-09,16238,Thursday,3,1,2025,1,0.0022838096413801967,0.00228120571197361,-0.0027096933119842292,0,0.002436530265925747
2025-01-10,16194,Friday,4,1,2025,1,-0.0027096933119842292,-0.0027133711763321073,0.005372360133382825,1,0.002747222567563156
2025-01-13,16281,Monday,0,1,2025,1,0.005372360133382825,0.005357980485454952,-0.000982740617898159,0,0.002882515886319154
2025-01-14,16265,Tuesday,1,1,2025,1,-0.000982740617898159,-0.0009832238240626819,0.0028281586228096067,1,0.0028663445590596946
2025-01-15,16311,Wednesday,2,1,2025,1,0.0028281586228096067,0.0028241669065784177,0.0041076574091103435,1,0.0028517495318440803
2025-01-16,16378,Thursday,3,1,2025,1,0.0041076574091103435,0.004099244016103129,-0.00030528758090120345,0,0.0028096859946190526
2025-01-17,16373,Friday,4,1,2025,1,-0.00030528758090120345,-0.00030533419064122095,-6.107616197392751e-05,0,0.002920655925543485
2025-01-20,16372,Monday,0,1,2025,1,-6.107616197392751e-05,-6.10780271986558e-05,-0.0025042755924749027,0,0.002951409627207696
2025-01-21,16331,Tuesday,1,1,2025,1,-0.0025042755924749027,-0.002507416535550292,-0.00024493294960503675,0,0.002906888472446553
2025-01-22,16327,Wednesday,2,1,2025,1,-0.00024493294960503675,-0.00024496295057885585,-0.0031236601947693954,0,0.00227498613991532
2025-01-23,16276,Thursday,3,1,2025,1,-0.0031236601947693954,-0.0031285490045838324,-0.004669451953796977,0,0.0026123535770566646
2025-01-24,16200,Friday,4,1,2025,1,-0.004669451953796977,-0.004680387901105104,0.003641975308642076,1,0.002836681853083501
2025-01-30,16259,Thursday,3,1,2025,1,0.003641975308642076,0.0036353593750797267,0.003259733070914539,1,0.0027005197562502323
2025-01-31,16312,Friday,4,1,2025,1,0.003259733070914539,0.003254431658736003,0.008643943109367447,1,0.003158627219370321
2025-02-03,16453,Monday,0,2,2025,1,0.008643943109367447,0.008606798132359088,-0.005348568650094254,0,0.004698325446100827
2025-02-04,16365,Tuesday,1,2,2025,1,-0.005348568650094254,-0.005362923451369244,-0.003483043079743342,0,0.005128044199401237
2025-02-05,16308,Wednesday,2,2,2025,1,-0.003483043079743342,-0.00348912299613685,0.001349031150355673,1,0.0053279018167862735
2025-02-06,16330,Thursday,3,2,2025,1,0.001349031150355673,0.0013481220253667935,-0.0003061849357011148,0,0.0051796913888077336
2025-02-07,16325,Friday,4,2,2025,1,-0.0003061849357011148,-0.00030623181987893684,0.0015313935681469104,1,0.004695567000205669
2025-02-10,16350,Monday,0,2,2025,1,0.0015313935681469104,0.0015302221807675365,0.0018348623853210455,1,0.004571759224467017
2025-02-11,16380,Tuesday,1,2,2025,1,0.0018348623853210455,0.0018331810816609117,-0.0009768009768009733,0,0.004474985340814784
2025-02-12,16364,Wednesday,2,2,2025,1,-0.0009768009768009733,-0.0009772783577712298,6.110975311668376e-05,1,0.0027477405940302207
2025-02-13,16365,Thursday,3,2,2025,1,6.110975311668376e-05,6.110788599178674e-05,-0.00488848151542931,0,0.0018594860476274506
2025-02-14,16285,Friday,4,2,2025,1,-0.00488848151542931,-0.00490046922494706,-0.004728277556033111,0,0.002320279890727921
2025-02-17,16208,Monday,0,2,2025,1,-0.004728277556033111,-0.004739491221869199,0.00413376110562691,1,0.0027446496076034845
2025-02-18,16275,Tuesday,1,2,2025,1,0.00413376110562691,0.004125240588305432,0.005038402457757218,1,0.00338653496841645
2025-02-19,16357,Wednesday,2,2,2025,1,0.005038402457757218,0.005025752181755548,-0.0007947667665220148,0,0.003937985022357685
2025-02-20,16344,Thursday,3,2,2025,1,-0.0007947667665220148,-0.0007950827610676679,-0.002692119432207485,0,0.0038655005474503173
2025-02-21,16300,Friday,4,2,2025,1,-0.002692119432207485,-0.0026957497026042308,0.00018404907975466678,1,0.003967837199095115
2025-02-24,16303,Monday,0,2,2025,1,0.00018404907975466678,0.0001840321448006641,0.0007973992516714379,1,0.003971313731063602
2025-02-25,16316,Tuesday,1,2,2025,1,0.0007973992516714379,0.0007970814977947373,0.004351556754106367,1,0.0034830618532311324
2025-02-26,16387,Wednesday,2,2,2025,1,0.004351556754106367,0.004342116108774968,0.002685055226704147,1,0.002957043737231668
2025-02-27,16431,Thursday,3,2,2025,1,0.002685055226704147,0.002681456905606996,0.008763921855030166,1,0.0027949422765578763
2025-02-28,16575,Friday,4,2,2025,1,0.008763921855030166,0.008725741602232282,-0.004162895927601773,0,0.0037795545259286076
2025-03-03,16506,Monday,0,3,2025,1,-0.004162895927601773,-0.0041715849014336785,-0.003816793893129722,0,0.0043517029773702245
2025-03-04,16443,Tuesday,1,3,2025,1,-0.003816793893129722,-0.0038240964384033942,-0.004378762999452612,0,0.004545664423695271
2025-03-05,16371,Wednesday,2,3,2025,1,-0.004378762999452612,-0.004388377859884419,-0.003420682914910489,0,0.0050270398234836386
2025-03-06,16315,Thursday,3,3,2025,1,-0.003420682914910489,-0.0034265468269206157,0.0012871590560834534,1,0.005247334733676698
2025-03-07,16336,Friday,4,3,2025,1,0.0012871590560834534,0.001286331377025891,-0.0006121449559255421,0,0.004943351094035473
2025-03-10,16326,Monday,0,3,2025,1,-0.0006121449559255421,-0.000612332393145477,0.006370207031728636,1,0.004749066044453491
2025-03-11,16430,Tuesday,1,3,2025,1,0.006370207031728636,0.006350003020012573,0.001399878271454602,1,0.00396543091014944
2025-03-12,16453,Wednesday,2,3,2025,1,0.001399878271454602,0.001398899355336264,-0.0015194797301404384,0,0.003839579442347158
2025-03-13,16428,Thursday,3,3,2025,1,-0.0015194797301404384,-0.0015206353102009216,-0.0021913805697589828,0,0.003594010759142487
2025-03-14,16392,Friday,4,3,2025,1,-0.0021913805697589828,-0.0021937851577135507,-0.0007930697901414874,0,0.003238840851329671
2025-03-17,16379,Monday,0,3,2025,1,-0.0007930697901414874,-0.000793384436356109,0.003235850784541139,1,0.0028831068195008247
2025-03-18,16432,Tuesday,1,3,2025,1,0.003235850784541139,0.0032306266859598973,0.0058422590068158975,1,0.0030534462114760463
2025-03-19,16528,Wednesday,2,3,2025,1,0.0058422590068158975,0.0058252591910802455,-0.0028436592449176956,0,0.0034833479597040076
2025-03-20,16481,Thursday,3,3,2025,1,-0.0028436592449176956,-0.0028477101252397507,0.0012135185971724471,1,0.0031837933060146987
2025-03-21,16501,Friday,4,3,2025,1,0.0012135185971724471,0.0012127828786248798,0.0036361432640446,1,0.0031752433117728717
2025-03-24,16561,Monday,0,3,2025,1,0.0036361432640446,0.0036295484766859965,0.0036833524545618612,1,0.0032475237060798383
2025-03-25,16622,Tuesday,1,3,2025,1,0.0036833524545618612,0.003676585523480647,-0.0020454818914691364,0,0.0029870774523455693
2025-03-26,16588,Wednesday,2,3,2025,1,-0.0020454818914691364,-0.002047576746699729,-0.0013262599469495706,0,0.003211105781746367
2025-03-27,16566,Thursday,3,3,2025,1,-0.0013262599469495706,-0.0013271402080624634,0.017083182421827825,1,0.003335052641748772
2025-04-08,16849,Tuesday,1,4,2025,2,0.017083182421827825,0.01693890568017581,0.0055789661107483735,1,0.006785946141682982
2025-04-09,16943,Wednesday,2,4,2025,2,0.0055789661107483735,0.005563461319720968,-0.009679513663459871,0,0.006361392200184897
2025-04-10,16779,Thursday,3,4,2025,2,-0.009679513663459871,-0.009726664668408635,0.0015495559926097524,1,0.008218434589188509
2025-04-11,16805,Friday,4,4,2025,2,0.0015495559926097524,0.001548356669508316,-0.001904195180005952,0,0.008203612157782515
2025-04-14,16773,Monday,0,4,2025,2,-0.001904195180005952,-0.001906010464451038,0.0025040243248077854,1,0.00829445264549875
2025-04-15,16815,Tuesday,1,4,2025,2,0.0025040243248077854,0.002500894479615035,0.001784121320249854,1,0.008166411664759373
2025-04-16,16845,Wednesday,2,4,2025,2,0.001784121320249854,0.0017825316662833468,-0.0007123775601068916,0,0.00804259850682215
2025-04-17,16833,Thursday,3,4,2025,2,-0.0007123775601068916,-0.0007126314215715973,-0.0014851779243153507,0,0.004854571420534519
2025-04-21,16808,Monday,0,4,2025,2,-0.0014851779243153507,-0.0014862818942453567,0.0032127558305568016,1,0.00415621315439264
2025-04-22,16862,Tuesday,1,4,2025,2,0.0032127558305568016,0.003207605957784538,0.0010674890285848893,1,0.002040807410387484
2025-04-23,16880,Wednesday,2,4,2025,2,0.0010674890285848893,0.0010669196673270544,0.00023696682464446894,1,0.0020156024510467963
2025-04-24,16884,Thursday,3,4,2025,2,0.00023696682464446894,0.00023693875244117758,-0.003257521914238337,0,0.0017037551498252056
2025-04-25,16829,Friday,4,4,2025,2,-0.003257521914238337,-0.003262839189316059,0.0019609008259551253,1,0.002157338739211098
2025-04-28,16862,Monday,0,4,2025,2,0.0019609008259551253,0.0019589807695475753,-0.004447870952437483,0,0.0021809189432781236
2025-04-29,16787,Tuesday,1,4,2025,2,-0.004447870952437483,-0.004457792160207025,-0.006433549770655911,0,0.0027981575033373665
2025-04-30,16679,Wednesday,2,4,2025,2,-0.006433549770655911,-0.006454334245240866,-0.011151747706697024,0,0.0036289877456615856
2025-05-02,16493,Friday,4,5,2025,2,-0.011151747706697024,-0.011214394629020902,-0.0043654883890135165,0,0.0047086932397313545
2025-05-05,16421,Monday,0,5,2025,2,-0.0043654883890135165,-0.004375044956314852,0.0031057791851896166,1,0.0043281902691417315
2025-05-06,16472,Tuesday,1,5,2025,2,0.0031057791851896166,0.0031009662157879124,0.0037032540067993835,1,0.00488785133806129
2025-05-07,16533,Wednesday,2,5,2025,2,0.0037032540067993835,0.0036964138437196236,-0.0021774632553075435,0,0.005606045308608994
2025-05-08,16497,Thursday,3,5,2025,2,-0.0021774632553075435,-0.002179837375420614,0.002121597866278746,1,0.005260693588912801
2025-05-09,16532,Friday,4,5,2025,2,0.002121597866278746,0.00211935045569861,0.0021775949673361605,1,0.005561974861266594
2025-05-14,16568,Wednesday,2,5,2025,2,0.0021775949673361605,0.0021752274437971952,-0.0019917914051182928,0,0.0054127714880132
2025-05-15,16535,Thursday,3,5,2025,2,-0.0019917914051182928,-0.001993777659526924,-0.006713032960387055,0,0.0031476587646361402
2025-05-16,16424,Friday,4,5,2025,2,-0.006713032960387055,-0.006735666717123655,0.0018874817340477357,1,0.0037989912432296246
2025-05-19,16455,Monday,0,5,2025,2,0.0018874817340477357,0.001885702678670813,-0.002977818292312362,0,0.003660290007460455
2025-05-20,16406,Tuesday,1,5,2025,2,-0.002977818292312362,-0.002982260814745104,0.00042667316835309776,1,0.0033484888859245986
2025-05-21,16413,Wednesday,2,5,2025,2,0.00042667316835309776,0.00042658216924046783,-0.006092731371473814,0,0.003353519767956754
2025-05-22,16313,Thursday,3,5,2025,2,-0.006092731371473814,-0.0061113677956329574,-0.001471219272972446,0,0.003620570890943561
2025-05-23,16289,Friday,4,5,2025,2,-0.001471219272972446,-0.001472302578697572,-0.005034072073178186,0,0.003169882986020385
2025-05-26,16207,Monday,0,5,2025,2,-0.005034072073178186,-0.005046785699485427,0.0029616832232985946,1,0.0033075204162965554
2025-05-27,16255,Tuesday,1,5,2025,2,0.0029616832232985946,0.0029573060798861574,0.002768378960319895,1,0.0034419236227724403
2025-05-28,16300,Wednesday,2,5,2025,2,0.002768378960319895,0.0027645540568479797,-0.00018404907975455576,0,0.0035975625296587803
2025-06-02,16297,Monday,0,6,2025,2,-0.00018404907975455576,-0.00018406601886488533,-0.0005522488801620318,0,0.0035412502408808354
2025-06-03,16288,Tuesday,1,6,2025,2,-0.0005522488801620318,-0.0005524014257395201,0.00104371316306473,1,0.0034967702370414344
2025-06-04,16305,Wednesday,2,6,2025,2,0.00104371316306473,0.0010431688731701164,-0.0017172646427475735,0,0.002751332838102018
2025-06-05,16277,Thursday,3,6,2025,2,-0.0017172646427475735,-0.0017187408319212422,-6.143638262579021e-05,0,0.002773751222476938
2025-06-10,16276,Tuesday,1,6,2025,2,-6.143638262579021e-05,-6.14382699176446e-05,-0.0006758417301547803,0,0.0017414121979483733
2025-06-11,16265,Wednesday,2,6,2025,2,-0.0006758417301547803,-0.0006760702141286925,-0.0017214878573624803,0,0.001439378944862371
2025-06-12,16237,Thursday,3,6,2025,2,-0.0017214878573624803,-0.0017229713203374642,0.0034489129765351567,1,0.0009719766091491954
2025-06-13,16293,Friday,4,6,2025,2,0.0034489129765351567,0.0034429791158406375,0.00018412815319468478,1,0.0018084243335690076
2025-06-16,16296,Monday,0,6,2025,2,0.00018412815319468478,0.00018411120368684114,-0.0009204712812960203,0,0.0017946821300195597
2025-06-17,16281,Tuesday,1,6,2025,2,-0.0009204712812960203,-0.000920895175127227,0.0023340089675081277,1,0.0017705754173061982
2025-06-18,16319,Wednesday,2,6,2025,2,0.0023340089675081277,0.002331289399420088,0.003615417611373184,1,0.0018552505872328417
2025-06-19,16378,Thursday,3,6,2025,2,0.003615417611373184,0.00360889769919888,0.0012822078397851655,1,0.002200196756538191
2025-06-20,16399,Friday,4,6,2025,2,0.0012822078397851655,0.0012813865133121582,0.005183242880663519,1,0.002089207473522443
2025-06-23,16484,Monday,0,6,2025,2,0.005183242880663519,0.005169856115262405,-0.006915797136617274,0,0.002121393237197381
2025-06-24,16370,Tuesday,1,6,2025,2,-0.006915797136617274,-0.00693982209352733,-0.004764813683567515,0,0.003930560611559709
2025-06-25,16292,Wednesday,2,6,2025,2,-0.004764813683567515,-0.004776201596877402,-0.0036214092806284848,0,0.0044467420199077465
2025-06-26,16233,Thursday,3,6,2025,2,-0.0036214092806284848,-0.0036279824574581955,-0.0001232058153144422,0,0.004649704629024626
2025-06-30,16231,Monday,0,6,2025,2,-0.0001232058153144422,-0.00012321340577437143,-0.0024028094387283927,0,0.00449754624233881
2025-07-01,16192,Tuesday,1,7,2025,3,-0.0024028094387283927,-0.0024057008178784882,0.0027173913043478937,1,0.004075762541938121
2025-07-02,16236,Wednesday,2,7,2025,3,0.0027173913043478937,0.0027137058715963258,-0.001662971175166339,0,0.004277350290110397
2025-07-03,16209,Thursday,3,7,2025,3,-0.001662971175166339,-0.0016643554466129302,-0.0003084706027515205,0,0.00315275357340231
2025-07-04,16204,Friday,4,7,2025,3,-0.0003084706027515205,-0.0003085181895942477,0.002036534189089112,1,0.002488844167195514
2025-07-07,16237,Monday,0,7,2025,3,0.002036534189089112,0.0020344632645332337,6.158773172382226e-05,1,0.0022985406147423434
2025-07-08,16238,Tuesday,1,7,2025,3,6.158773172382226e-05,6.158583527733764e-05,0.0009853430225397197,1,0.0018330904931241087
2025-07-09,16254,Wednesday,2,7,2025,3,0.0009853430225397197,0.0009848578907583427,-0.0020917927894672506,0,0.0018638305114753188
2025-07-10,16220,Thursday,3,7,2025,3,-0.0020917927894672506,-0.00209398364374624,6.165228113430565e-05,1,0.0017935328154133324
2025-07-11,16221,Friday,4,7,2025,3,6.165228113430565e-05,6.165038071053103e-05,0.0016028604894888776,1,0.0014285518460892903
2025-07-14,16247,Monday,0,7,2025,3,0.0016028604894888776,0.0016015772796357465,0.002092694035821907,1,0.0013770899010248458
2025-07-15,16281,Tuesday,1,7,2025,3,0.002092694035821907,0.002090507401764081,0.0004299490203305556,1,0.0014847036194376164
2025-07-16,16288,Wednesday,2,7,2025,3,0.0004299490203305556,0.0004298566187348823,0.002517190569744532,1,0.0013587604315336262
2025-07-17,16329,Thursday,3,7,2025,3,0.002517190569744532,0.002514027752060362,-0.0017147406454773861,0,0.0015458162764639826
2025-07-18,16301,Friday,4,7,2025,3,-0.0017147406454773861,-0.0017162124960199616,0.0017790319612294159,1,0.0018066223717113899
2025-07-21,16330,Monday,0,7,2025,3,0.0017790319612294159,0.0017774513582210693,-0.0014084507042253502,0,0.0014732548447719328
2025-07-22,16307,Tuesday,1,7,2025,3,-0.0014084507042253502,-0.0014094435032336043,-0.0005519102226038131,0,0.0017096433609018451
2025-07-23,16298,Wednesday,2,7,2025,3,-0.0005519102226038131,-0.0005520625811121115,-0.0009203583261749859,0,0.0017256934882627147
2025-07-24,16283,Thursday,3,7,2025,3,-0.0009203583261749859,-0.0009207821159448475,0.002579377264631866,1,0.0016200215640680075
2025-07-25,16325,Friday,4,7,2025,3,0.002579377264631866,0.002576056380411602,0.0009800918836140315,1,0.0018914175355673507
2025-07-28,16341,Monday,0,7,2025,3,0.0009800918836140315,0.0009796119071522906,0.0035493543846765174,1,0.001671450139510284
2025-07-29,16399,Tuesday,1,7,2025,3,0.0035493543846765174,0.003543070291661406,-0.0007317519360936497,0,0.001884813071316631
2025-07-30,16387,Wednesday,2,7,2025,3,-0.0007317519360936497,-0.0007320197972215421,0.0043937267346068065,1,0.0019187489246439114
2025-07-31,16459,Thursday,3,7,2025,3,0.0043937267346068065,0.004384102497844064,0.0021264961419285022,1,0.0021893914428011588
2025-08-01,16494,Friday,4,8,2025,3,0.0021264961419285022,0.0021242383492327582,-0.006426579362192264,0,0.0020351299963043256
2025-08-04,16388,Monday,0,8,2025,3,-0.006426579362192264,-0.00644731872653897,0.0,0,0.0036533843521310448
2025-08-05,16388,Tuesday,1,8,2025,3,0.0,0.0,-0.000549182328533071,0,0.003587713947665223
2025-08-06,16379,Wednesday,2,8,2025,3,-0.000549182328533071,-0.0005493331843821636,-0.0040906038219671315,0,0.0036037225626485737
2025-08-07,16312,Thursday,3,8,2025,3,-0.0040906038219671315,-0.004098993228088404,-0.0007969592937714376,0,0.003626243574546906
2025-08-08,16299,Friday,4,8,2025,3,-0.0007969592937714376,-0.0007972770346583203,-0.0028222590342965592,0,0.0036262438257187576
2025-08-11,16253,Monday,0,8,2025,3,-0.0028222590342965592,-0.002826249116456816,0.002768719620993121,1,0.0028619746167199245
2025-08-12,16298,Tuesday,1,8,2025,3,0.002768719620993121,0.0027648937769892495,-0.0037427905264449945,0,0.0030145325541598243
2025-08-13,16237,Wednesday,2,8,2025,3,-0.0037427905264449945,-0.003749812293050722,-0.00788322966065158,0,0.002421826485981954
2025-08-14,16109,Thursday,3,8,2025,3,-0.00788322966065158,-0.007914466589148808,0.0032900862871687586,1,0.003365257032787707
2025-08-15,16162,Friday,4,8,2025,3,0.0032900862871687586,0.003284685795427456,0.004888008909788466,1,0.003982192095452388
2025-08-19,16241,Tuesday,1,8,2025,3,0.004888008909788466,0.004876101381209968,0.003078628163290409,1,0.004560977008472505
2025-08-20,16291,Wednesday,2,8,2025,3,0.003078628163290409,0.0030738988915664563,-0.0004910686882327875,0,0.004766412736890557
2025-08-21,16283,Thursday,3,8,2025,3,-0.0004910686882327875,-0.000491189301949098,0.003500583430571691,1,0.004620864581537201
2025-08-22,16340,Friday,4,8,2025,3,0.003500583430571691,0.003494470649773557,-0.005201958384332905,0,0.004694333073012486
2025-08-25,16255,Monday,0,8,2025,3,-0.005201958384332905,-0.005215535675988141,0.0013534297139341511,1,0.004935115603871569
2025-08-26,16277,Tuesday,1,8,2025,3,0.0013534297139341511,0.0013525146534924784,0.004792037844811636,1,0.0034186012475769137
2025-08-27,16355,Wednesday,2,8,2025,3,0.004792037844811636,0.004780592580986007,6.114338122897855e-05,1,0.003592398517641605
2025-08-28,16356,Thursday,3,8,2025,3,6.114338122897855e-05,6.114151204863612e-05,0.006419662509171031,1,0.0033336197923302924
2025-08-29,16461,Friday,4,8,2025,3,0.006419662509171031,0.006399144242552239,0.00012149930137894671,1,0.0038707259612751318
2025-09-01,16463,Monday,0,9,2025,3,0.00012149930137894671,0.00012149192093663527,-0.002733402174573296,0,0.0038253049532384516
2025-09-02,16418,Tuesday,1,9,2025,3,-0.002733402174573296,-0.0027371447398103245,0.0003654525520770946,1,0.004022952519179006
2025-09-03,16424,Wednesday,2,9,2025,3,0.0003654525520770946,0.0003653857905581345,0.0008524111056988914,1,0.0031089516320942467
2025-09-04,16438,Thursday,3,9,2025,3,0.0008524111056988914,0.0008520480096757367,-0.005475118627570219,0,0.0031180485052290517
2025-09-08,16348,Monday,0,9,2025,3,-0.005475118627570219,-0.005490162024277349,0.006973330070956685,1,0.003638559645839874
2025-09-09,16462,Tuesday,1,9,2025,3,0.006973330070956685,0.006949128848421353,-0.00030372980196813337,0,0.0045052945546684145
2025-09-10,16457,Wednesday,2,9,2025,3,-0.00030372980196813337,-0.0003037759372064362,0.0006684085799355532,1,0.0038053104844935092
2025-09-11,16468,Thursday,3,9,2025,3,0.0006684085799355532,0.0006681852944124537,-0.004675734758319172,0,0.0038146494574709147
2025-09-12,16391,Friday,4,9,2025,3,-0.004675734758319172,-0.004686700200435231,0.0008541272649624787,1,0.004111136907877885
2025-09-15,16405,Monday,0,9,2025,3,0.0008541272649624787,0.0008537627058419235,-0.0012191405059432947,0,0.00412713928884867
2025-09-16,16385,Tuesday,1,9,2025,3,-0.0012191405059432947,-0.0012198842622870212,0.0027464144034177185,1,0.0041162949901873865
2025-09-17,16430,Wednesday,2,9,2025,3,0.0027464144034177185,0.0027426498983987523,0.004138770541691983,1,0.00358136890744275
2025-09-18,16498,Thursday,3,9,2025,3,0.004138770541691983,0.0041302293893632,0.0048490726148624486,1,0.002846640196569606
2025-09-19,16578,Friday,4,9,2025,3,0.0048490726148624486,0.004837353730794571,0.0017493063095668226,1,0.003289965432322035
2025-09-22,16607,Monday,0,9,2025,3,0.0017493063095668226,0.0017477780552814862,0.0017462515806587753,1,0.0032945756290611856
2025-09-23,16636,Tuesday,1,9,2025,3,0.0017462515806587753,0.0017447286560492098,0.002644866554460279,1,0.002035120237503871
2025-09-24,16680,Wednesday,2,9,2025,3,0.002644866554460279,0.002641375049935534,0.004316546762589857,1,0.001960611313232752
2025-09-25,16752,Thursday,3,9,2025,3,0.004316546762589857,0.00430725719758027,0.0013729703915950076,1,0.0012590628676218407
2025-09-26,16775,Friday,4,9,2025,3,0.0013729703915950076,0.0013720287295644238,-0.005663189269746627,0,0.0014305016410719885
2025-09-29,16680,Monday,0,9,2025,3,-0.005663189269746627,-0.005679285927144771,0.0007194244604316058,1,0.0034633665168951437
2025-09-30,16692,Tuesday,1,9,2025,3,0.0007194244604316058,0.0007191657987054193,-0.0007189072609633529,0,0.0031510025847494554
2025-10-01,16680,Wednesday,2,10,2025,4,-0.0007189072609633529,-0.0007191657987054853,-0.004076738609112729,0,0.0031884239295502928
2025-10-02,16612,Thursday,3,10,2025,4,-0.004076738609112729,-0.004085071162093613,-6.019744762819634e-05,0,0.0035844695627988347
2025-10-03,16611,Friday,4,10,2025,4,-6.019744762819634e-05,-6.0199259567263256e-05,-0.00078261393052792,0,0.0033655186048013527
2025-10-06,16598,Monday,0,10,2025,4,-0.00078261393052792,-0.0007829203326835421,-0.0022894324617424022,0,0.002591356125447827
2025-10-07,16560,Tuesday,1,10,2025,4,-0.0022894324617424022,-0.0022920572191426226,0.002777777777777768,1,0.0023121227318527423
2025-10-08,16606,Wednesday,2,10,2025,4,0.002777777777777768,0.0027739268827252244,-0.004335782247380515,0,0.002178024223217829
2025-10-09,16534,Thursday,3,10,2025,4,-0.004335782247380515,-0.0043452090093550515,0.0030845530422161094,1,0.0024741573250192
2025-10-10,16585,Friday,4,10,2025,4,0.0030845530422161094,0.003079805568531944,-0.00030147723846851715,0,0.002998835676075899
2025-10-13,16580,Monday,0,10,2025,4,-0.00030147723846851715,-0.0003015226918668473,-0.0001809408926417566,0,0.002629658443555078
2025-10-14,16577,Tuesday,1,10,2025,4,-0.0001809408926417566,-0.00018095726441998418,0.0,0,0.002628406775391086
2025-10-15,16577,Wednesday,2,10,2025,4,0.0,0.0,0.00018097363817326517,1,0.002620716558380863
2025-10-16,16580,Thursday,3,10,2025,4,0.00018097363817326517,0.00018095726441985703,0.0006031363088057073,1,0.002449795892112923
2025-10-17,16590,Friday,4,10,2025,4,0.0006031363088057073,0.000602954495204124,-0.0003013863773357883,0,0.0021891115410646186
2025-10-20,16585,Monday,0,10,2025,4,-0.0003013863773357883,-0.00030143180333742475,0.00024118179077481372,1,0.0012069932122430783
2025-10-21,16589,Tuesday,1,10,2025,4,0.00024118179077481372,0.0002411527111222742,0.0016878654530110282,1,0.00033183054860813735
2025-10-22,16617,Wednesday,2,10,2025,4,0.0016878654530110282,0.0016864426089385374,0.0016850213636636635,1,0.0006723462869341569
2025-10-23,16645,Thursday,3,10,2025,4,0.0016850213636636635,0.001683603307911672,-0.00090117152297986,0,0.0007989467019771292
2025-10-24,16630,Friday,4,10,2025,4,-0.00090117152297986,-0.0009015778221519439,-0.00012026458208058699,0,0.0009644621006495897
2025-10-27,16628,Monday,0,10,2025,4,-0.00012026458208058699,-0.0001202718144453092,-0.0003608371421698342,0,0.0009852757247865748
2025-10-28,16622,Tuesday,1,10,2025,4,-0.0003608371421698342,-0.00036090225955640444,0.0005414510889183433,1,0.0010210043309443388
2025-10-29,16631,Wednesday,2,10,2025,4,0.0005414510889183433,0.0005413045571682957,0.0005411580782874736,1,0.0009909087245034687
2025-10-30,16640,Thursday,3,10,2025,4,0.0005411580782874736,0.0005410117050596148,-0.0009014423076922906,0,0.0009895957853347577
2025-10-31,16625,Friday,4,10,2025,4,-0.0009014423076922906,-0.0009018488511446799,0.0023458646616540957,1,0.0009271837875817245
2025-11-03,16664,Monday,0,11,2025,4,0.0023458646616540957,0.0023431174167529937,0.0036005760921746788,1,0.0011299605190453824
2025-11-04,16724,Tuesday,1,11,2025,4,0.0036005760921746788,0.0035941095356476407,0.00029897153790958697,1,0.0016027554906010931
2025-11-05,16729,Wednesday,2,11,2025,4,0.00029897153790958697,0.0002989268548251054,-0.0013150815948352879,0,0.001569906953445621
2025-11-06,16707,Thursday,3,11,2025,4,-0.0013150815948352879,-0.001315947073502416,-0.00017956545160713322,0,0.0017277748459953177
2025-11-07,16704,Friday,4,11,2025,4,-0.00017956545160713322,-0.0001795815754130532,-0.0022749042145593368,0,0.0017619500472951174
2025-11-10,16666,Monday,0,11,2025,4,-0.0022749042145593368,-0.002277495740213131,0.001920076803072046,1,0.0020781897628641883
2025-11-11,16698,Tuesday,1,11,2025,4,0.001920076803072046,0.0019182358117936177,0.0014372978799856995,1,0.0020970385563495136
2025-11-12,16722,Wednesday,2,11,2025,4,0.0014372978799856995,0.0014362659560575022,0.000598014591556062,1,0.0019989920656988316
2025-11-13,16732,Thursday,3,11,2025,4,0.000598014591556062,0.0005978358520858625,-0.0013148458044465183,0,0.0014780354764251163
2025-11-14,16710,Friday,4,11,2025,4,-0.0013148458044465183,-0.0013157109726495955,0.0014362657091562259,1,0.0015597787767969546
2025-11-17,16734,Monday,0,11,2025,4,0.0014362657091562259,0.0014352352661045887,0.0015537229592446078,1,0.0015672493988110867
2025-11-18,16760,Tuesday,1,11,2025,4,0.0015537229592446078,0.0015525171805300362,-0.0016706443914080715,0,0.0016272653804132028
2025-11-19,16732,Wednesday,2,11,2025,4,-0.0016706443914080715,-0.0016720414739849468,0.0005976571838393063,1,0.0014643176242574159
2025-11-20,16742,Thursday,3,11,2025,4,0.0005976571838393063,0.0005974786579126025,-0.0013737904670887424,0,0.0013407062649215342
2025-11-21,16719,Friday,4,11,2025,4,-0.0013737904670887424,-0.001374734982355626,-0.0005981218972426205,0,0.0013902466105258219
2025-11-24,16709,Monday,0,11,2025,4,-0.0005981218972426205,-0.0005983008435026098,-0.0025136154168412528,0,0.0013742610511002587
2025-11-25,16667,Tuesday,1,11,2025,4,-0.0025136154168412528,-0.0025167798519673437,0.0003599928001440933,1,0.0015946015944345003
2025-11-26,16673,Wednesday,2,11,2025,4,0.0003599928001440933,0.00035992801828288494,-0.0017393390511605267,0,0.0014358140104507216
2025-11-27,16644,Thursday,3,11,2025,4,-0.0017393390511605267,-0.001740853457626943,0.0010213890891612731,1,0.0011549767764286083
2025-11-28,16661,Friday,4,11,2025,4,0.0010213890891612731,0.0010208678262368586,0.0004201428485686165,1,0.0013265271745045773
2025-12-01,16668,Monday,0,12,2025,4,0.0004201428485686165,0.00042005461327543467,-0.002159827213822907,0,0.0013011180631222843
2025-12-02,16632,Tuesday,1,12,2025,4,-0.002159827213822907,-0.002162163004495237,0.0,0,0.001405780104477988
2025-12-03,16632,Wednesday,2,12,2025,4,0.0,0.0,0.0008417508417508657,1,0.0014341116256111639
2025-12-04,16646,Thursday,3,12,2025,4,0.0008417508417508657,0.0008413967681916179,0.0005406704313348776,1,0.001260592209112212
2025-12-05,16655,Friday,4,12,2025,4,0.0005406704313348776,0.000540524321739604,0.001981386970879573,1,0.0012752496318923672
2025-12-08,16688,Monday,0,12,2025,4,0.001981386970879573,0.001979426612773614,-0.0006591562799616035,0,0.0012790668914687353
2025-12-09,16677,Tuesday,1,12,2025,4,-0.0006591562799616035,-0.0006593736189744747,0.0006595910535467375,1,0.0012956846824494315
2025-12-10,16688,Wednesday,2,12,2025,4,0.0006595910535467375,0.000659373618974457,-0.0011984659635666528,0,0.0013074979877261102
2025-12-11,16668,Thursday,3,12,2025,4,-0.0011984659635666528,-0.0011991846982096262,-0.0009599232061434648,0,0.0010454652888891465
2025-12-12,16652,Friday,4,12,2025,4,-0.0009599232061434648,-0.0009603842274779755,0.0010208983905837243,1,0.0011504962059007487
2025-12-15,16669,Monday,0,12,2025,4,0.0010208983905837243,0.0010203776282219441,0.0014397984282199516,1,0.0011696893438147813
2025-12-16,16693,Tuesday,1,12,2025,4,0.0014397984282199516,0.001438762912299962,0.0002995267477385877,1,0.0012594503926524974
2025-12-17,16698,Wednesday,2,12,2025,4,0.0002995267477385877,0.0002994818985577449,0.0014372978799856995,1,0.0010311450858631708
2025-12-18,16722,Thursday,3,12,2025,4,0.0014372978799856995,0.0014362659560575022,0.0007774189690228361,1,0.0010817867325821195
2025-12-19,16735,Friday,4,12,2025,4,0.0007774189690228361,0.0007771169354237669,0.0022706901703017923,1,0.001087664151858658
2025-12-22,16773,Monday,0,12,2025,4,0.0022706901703017923,0.0022681160493280453,0.0010135336552792307,1,0.0010247578580617948
2025-12-23,16790,Tuesday,1,12,2025,4,0.0010135336552792307,0.0010130203768314164,-0.00136986301369868,0,0.0006201624369576088
2025-12-24,16767,Wednesday,2,12,2025,4,-0.00136986301369868,-0.0013708021337787146,0.0012524601896581888,1,0.0011523320779899282
2025-12-29,16788,Monday,0,12,2025,4,0.0012524601896581888,0.001251676515673578,-0.00035739814152968563,0,0.001138142599262667
2025-12-30,16782,Tuesday,1,12,2025,4,-0.00035739814152968563,-0.00035746202346678056,-0.003694434513168865,0,0.0012120101640457526
2025-12-31,16720,Wednesday,2,12,2025,4,-0.003694434513168865,-0.0037012757913221037,0.00029904306220096544,1,0.0020018925131123732
2026-01-02,16725,Friday,4,1,2026,1,0.00029904306220096544,0.0002989983577365914,0.0013751868460387673,1,0.0019782961925419985
2026-01-05,16748,Monday,0,1,2026,1,0.0013751868460387673,0.0013742421426046513,0.0008359207069501551,1,0.0018238844169893445
2026-01-06,16762,Tuesday,1,1,2026,1,0.0008359207069501551,0.0008355715198176214,0.0013721512945950032,1,0.001805139589157261
2026-01-07,16785,Wednesday,2,1,2026,1,0.0013721512945950032,0.0013712107552838876,0.0009532320524276994,1,0.0018159383297499233
2026-01-08,16801,Thursday,3,1,2026,1,0.0009532320524276994,0.0009527780152670861,0.0019641687994762513,1,0.0017891222941079467
2026-01-09,16834,Friday,4,1,2026,1,0.0019641687994762513,0.001962242342118989,0.0011286681715576563,1,0.0018994131236586076
2026-01-12,16853,Monday,0,1,2026,1,0.0011286681715576563,0.001128031704498637,0.001305405565774631,1,0.0005194713839610769
2026-01-13,16875,Tuesday,1,1,2026,1,0.001305405565774631,0.0013045542647106138,-0.0002370370370370356,0,0.00036760558505947376
2026-01-14,16871,Wednesday,2,1,2026,1,-0.0002370370370370356,-0.0002370651347557203,0.0005334597830597421,1,0.0006730608036725102
2026-01-15,16880,Thursday,3,1,2026,1,0.0005334597830597421,0.000533317543973311,0.003258293838862558,1,0.0006979939474645094
2026-01-19,16935,Monday,0,1,2026,1,0.003258293838862558,0.003252997101923974,0.0027162680838499487,1,0.0011066010569129806
2026-01-20,16981,Tuesday,1,1,2026,1,0.0027162680838499487,0.0027125856944289714,-0.0010600082445085812,0,0.0012166863730224834
2026-01-21,16963,Wednesday,2,1,2026,1,-0.0010600082445085812,-0.0010605704505782883,-0.003596062017331869,0,0.0015305102153141265
2026-01-22,16902,Thursday,3,1,2026,1,-0.003596062017331869,-0.003602543391295274,-0.0037865341379718087,0,0.002340996403798838
2026-01-23,16838,Friday,4,1,2026,1,-0.0037865341379718087,-0.0037937212068182733,-0.003503979094904408,0,0.002771518799927565
2026-01-26,16779,Monday,0,1,2026,1,-0.003503979094904408,-0.0035101324079116593,0.0013111627629776024,1,0.0030213027979690502
2026-01-27,16801,Tuesday,1,1,2026,1,0.0013111627629776024,0.0013103039397048557,-0.004642580798762008,0,0.0030911092415644146
2026-01-28,16723,Wednesday,2,1,2026,1,-0.004642580798762008,-0.00465339104827964,0.0037672666387609244,1,0.0028540805771516808
2026-01-29,16786,Thursday,3,1,2026,1,0.0037672666387609244,0.003760188261649957,0.0005957345406886194,1,0.0031429651685525545
2026-01-30,16796,Friday,4,1,2026,1,0.0005957345406886194,0.0005955571613109865,0.000238151940938236,1,0.0032550625735483507
2026-02-02,16800,Monday,0,2,2026,1,0.000238151940938236,0.000238123587266315,-0.0013690476190476586,0,0.003146438783826155
2026-02-03,16777,Tuesday,1,2,2026,1,-0.0013690476190476586,-0.0013699856209498588,-0.00011921082434285246,0,0.002893599716206885
2026-02-04,16775,Wednesday,2,2,2026,1,-0.00011921082434285246,-0.00011921793051793366,0.003040238450074506,1,0.002575665105684581
2026-02-05,16826,Thursday,3,2,2026,1,0.003040238450074506,0.003035626270876341,0.0036253417330323057,1,0.0027986519513441086
2026-02-06,16887,Friday,4,2,2026,1,0.0036253417330323057,0.003618786021377475,-0.0029016403150352588,0,0.002047212032822888
2026-02-09,16838,Monday,0,2,2026,1,-0.0029016403150352588,-0.002905858234527001,-0.0023161895712079383,0,0.002298203070971807
2026-02-10,16799,Tuesday,1,2,2026,1,-0.0023161895712079383,-0.0023188760873950236,-0.0010714923507351148,0,0.002519095642041218
2026-02-11,16781,Wednesday,2,2,2026,1,-0.0010714923507351148,-0.0010720668090524136,0.002681604195220677,1,0.0025491603032484307
2026-02-12,16826,Thursday,3,2,2026,1,0.002681604195220677,0.0026780151095970152,0.0010697729704030046,1,0.0026848985108902305
2026-02-13,16844,Friday,4,2,2026,1,0.0010697729704030046,0.0010692011710595568,0.002374732842555183,1,0.0026829409834265533
2026-02-18,16884,Wednesday,2,2,2026,1,0.002374732842555183,0.0023719176205709443,0.002428334517886821,1,0.0025921507509137453
2026-02-19,16925,Thursday,3,2,2026,1,0.002428334517886821,0.0024253908780864403,-0.0023633677991137247,0,0.0023830038521298353
2026-02-20,16885,Friday,4,2,2026,1,-0.0023633677991137247,-0.002366164960807658,-0.003968018951732266,0,0.002267111385237989
2026-02-23,16818,Monday,0,2,2026,1,-0.003968018951732266,-0.003975912426824752,0.0007135212272564306,1,0.002651945087795103
2026-02-24,16830,Tuesday,1,2,2026,1,0.0007135212272564306,0.0007132667920083311,-0.0010101010101010166,0,0.0025988571774997796
2026-02-25,16813,Wednesday,2,2,2026,1,-0.0010101010101010166,-0.0010106115059235032,-0.003271278177600645,0,0.002432524912093773
2026-02-26,16758,Thursday,3,2,2026,1,-0.003271278177600645,-0.003276640505696411,0.0012531328320801727,1,0.00262800610563598
2026-02-27,16779,Friday,4,2,2026,1,0.0012531328320801727,0.0012523483164658734,0.004112283211156864,1,0.0024346268033393617
2026-03-02,16848,Monday,0,3,2026,1,0.004112283211156864,0.004103850884059137,0.0013057929724595851,1,0.00286102273208639
2026-03-03,16870,Tuesday,1,3,2026,1,0.0013057929724595851,0.0013049411662571914,0.002430349733254289,1,0.0028306164298060807
2026-03-04,16911,Wednesday,2,3,2026,1,0.002430349733254289,0.002427401209670705,-0.0014783277156880104,0,0.002377927721231139
2026-03-05,16886,Thursday,3,3,2026,1,-0.0014783277156880104,-0.00147942152023946,0.0019542816534408036,1,0.0025290021772365725
2026-03-06,16919,Friday,4,3,2026,1,0.0019542816534408036,0.0019523745293511655,0.0032507831432118106,1,0.0024866032283148392
2026-03-09,16974,Monday,0,3,2026,1,0.0032507831432118106,0.0032455107708259066,-0.005596795098385732,0,0.0017845433626882661
2026-03-10,16879,Tuesday,1,3,2026,1,-0.005596795098385732,-0.005612515840694363,-0.0007109425913857104,0,0.003352280812124771
2026-03-11,16867,Wednesday,2,3,2026,1,-0.0007109425913857104,-0.0007111954309131952,0.0018971957075946122,1,0.003053784483501218
2026-03-12,16899,Thursday,3,3,2026,1,0.0018971957075946122,0.0018953983048090018,0.002071128469140149,1,0.0030984757663770337
2026-03-13,16934,Friday,4,3,2026,1,0.002071128469140149,0.002068986639398821,0.0033069564190386647,1,0.003059119547501132
2026-03-16,16990,Monday,0,3,2026,1,0.0033069564190386647,0.003301500463755235,-0.0004708652148323056,0,0.003155382275241274
2026-03-17,16982,Tuesday,1,3,2026,1,-0.0004708652148323056,-0.0004709761066690137,-0.00453421269579557,0,0.003150688275636465
2026-03-25,16905,Wednesday,2,3,2026,1,-0.00453421269579557,-0.0045445234173224,-0.00011830819284230909,0,0.003398124667383429
2026-03-26,16903,Thursday,3,3,2026,1,-0.00011830819284230909,-0.0001183151918085847,0.003194699165828485,1,0.0025780820523203705
2026-03-27,16957,Friday,4,3,2026,1,0.003194699165828485,0.0031896069569496486,0.002123017043109021,1,0.0027625319889374093
2026-03-30,16993,Monday,0,3,2026,1,0.002123017043109021,0.0021207666269780216,0.000353086565056282,1,0.002779229226975201
2026-03-31,16999,Tuesday,1,3,2026,1,0.000353086565056282,0.00035302424466430093,0.00017648096946887293,1,0.0027229745399333766
2026-04-01,17002,Wednesday,2,4,2026,2,0.00017648096946887293,0.00017646539853453605,0.0007646159275378483,1,0.002437358711110671
2026-04-02,17015,Thursday,3,4,2026,2,0.0007646159275378483,0.000764323757701847,0.0012929767851894702,1,0.002433772359046172
2026-04-06,17037,Monday,0,4,2026,2,0.0012929767851894702,0.0012921416105360613,0.003228267887538827,1,0.001186895817078549
2026-04-07,17092,Tuesday,1,4,2026,2,0.003228267887538827,0.0032230682183732786,-0.004856073016615947,0,0.0012784105587221898
2026-04-08,17009,Wednesday,2,4,2026,2,-0.004856073016615947,-0.004867902049823861,0.0042918454935623185,1,0.00257075115355104
2026-04-09,17082,Thursday,3,4,2026,2,0.0042918454935623185,0.004282661792000949,0.0017562346329469403,1,0.0029136788139667667
2026-04-10,17112,Friday,4,4,2026,2,0.0017562346329469403,0.0017546942561489777,0.000584385226741535,1,0.002930267254629183
2026-04-13,17122,Monday,0,4,2026,2,0.000584385226741535,0.0005842145401894804,0.0007592570961336698,1,0.002916429001026182
2026-04-14,17135,Tuesday,1,4,2026,2,0.0007592570961336698,0.0007589690062782771,0.00035016049022473794,1,0.0029165032732597447
2026-04-15,17141,Wednesday,2,4,2026,2,0.00035016049022473794,0.00035009919834785906,5.833965346235814e-05,1,0.0029227181967947796
2026-04-16,17142,Thursday,3,4,2026,2,5.833965346235814e-05,5.8337951770958827e-05,0.0027418037568545106,1,0.002736816086873
2026-04-17,17189,Friday,4,4,2026,2,0.0027418037568545106,0.0027380518693288576,-0.0007562976322066373,0,0.0015345572182888937
2026-04-20,17176,Monday,0,4,2026,2,-0.0007562976322066373,-0.000756583769539966,-0.001979506287843491,0,0.0011466880195957823
2026-04-21,17142,Tuesday,1,4,2026,2,-0.001979506287843491,-0.001981468099788872,0.002158441255396104,1,0.0014491701932012498
2026-04-22,17179,Wednesday,2,4,2026,2,0.002158441255396104,0.002156115167617463,0.007509168170440672,1,0.0016211329183424225
2026-04-23,17308,Thursday,3,4,2026,2,0.007509168170440672,0.00748111471832989,-0.0017333025190663376,0,0.0031177170125755408
2026-04-24,17278,Friday,4,4,2026,2,-0.0017333025190663376,-0.0017348064259459395,-0.0029517305243662584,0,0.003330941825603151
2026-04-27,17227,Monday,0,4,2026,2,-0.0029517305243662584,-0.0029560954724603206,0.0010448714227666578,1,0.003671156967911251
2026-04-28,17245,Tuesday,1,4,2026,2,0.0010448714227666578,0.0010443259245721825,0.004581037982023695,1,0.0035693573083713775
2026-04-29,17324,Wednesday,2,4,2026,2,0.004581037982023695,0.004570576963575927,0.0031170630339414362,1,0.003824371909832581
2026-04-30,17378,Thursday,3,4,2026,2,0.0031170630339414362,0.0031122150646340926,-0.000575440211762035,0,0.0035898379524783156
2026-05-04,17368,Monday,0,5,2026,2,-0.000575440211762035,-0.0005756058410235641,0.0032818977429756035,1,0.003710572217878757
2026-05-05,17425,Tuesday,1,5,2026,2,0.0032818977429756035,0.003276524070596878,-0.0011477761836441447,0,0.0028283540297835
2026-05-06,17405,Wednesday,2,5,2026,2,-0.0011477761836441447,-0.0011484353831853126,-0.002470554438379735,0,0.0027425367788211667
2026-05-07,17362,Thursday,3,5,2026,2,-0.002470554438379735,-0.0024736112937859484,0.0007487616634027638,1,0.002628893303904292
2026-05-08,17375,Friday,4,5,2026,2,0.0007487616634027638,0.0007484814812395247,0.002302158273381316,1,0.002632596982708757
2026-05-11,17415,Monday,0,5,2026,2,0.002302158273381316,0.0022995123671087038,0.00568475452196382,1,0.00224043579325445
2026-05-12,17514,Tuesday,1,5,2026,2,0.00568475452196382,0.005668657282068186,-0.0010277492291880241,0,0.002822669904919035
2026-05-13,17496,Wednesday,2,5,2026,2,-0.0010277492291880241,-0.0010282777255659324,0.00971650663008683,1,0.0028725651946648377
2026-05-18,17666,Monday,0,5,2026,2,0.00971650663008683,0.009669604948473711,0.0030001132118193663,1,0.0043402043002464434
2026-05-19,17719,Tuesday,1,5,2026,2,0.0030001132118193663,0.0029956218529918754,-0.0019188441785653598,0,0.004122341631580786
2026-05-20,17685,Wednesday,2,5,2026,2,-0.0019188441785653598,-0.001920687518488335,-0.0006785411365564098,0,0.004013812964196363
2026-05-21,17673,Thursday,3,5,2026,2,-0.0006785411365564098,-0.0006787714497839689,0.0024896735132688974,1,0.004159133720903583
2026-05-22,17717,Friday,4,5,2026,2,0.0024896735132688974,0.002486579410640397,0.001467517073996616,1,0.004158761171301216
2026-05-25,17743,Monday,0,5,2026,2,0.001467517073996616,0.0014664413231419372,0.002592571718424086,1,0.003913822496631023
2026-05-26,17789,Tuesday,1,5,2026,2,0.002592571718424086,0.0025892168016902885,0.005284164371240685,1,0.003702671570982622
2026-05-29,17883,Friday,4,5,2026,2,0.005284164371240685,0.0052702521627664865,-0.0011183805849130923,0,0.002402901789697284
2026-06-02,17863,Tuesday,1,6,2026,2,-0.0011183805849130923,-0.0011190064391517823,0.003806751385545537,1,0.002544800015546838
2026-06-03,17931,Wednesday,2,6,2026,2,0.003806751385545537,0.0037995240434793728,0.006023088505939356,1,0.002298570015717042
2026-06-04,18039,Thursday,3,6,2026,2,0.006023088505939356,0.006005022215314418,0.0,0,0.002399229235750078
2026-06-05,18039,Friday,4,6,2026,2,0.0,0.0,0.007317478795942023,1,0.0026468308897300745
2026-06-08,18171,Monday,0,6,2026,2,0.007317478795942023,0.007290835941378409,-0.001650982334489015,0,0.003115039130872967
2026-06-09,18141,Tuesday,1,6,2026,2,-0.001650982334489015,-0.0016523467077342855,-0.009371037980265728,0,0.0036643090962712246
2026-06-10,17971,Wednesday,2,6,2026,2,-0.009371037980265728,-0.009415222409300487,0.0005564520616547775,1,0.005669207192902753
2026-06-11,17981,Thursday,3,6,2026,2,0.0005564520616547775,0.0005562972996154266,-0.003336855569768038,0,0.005614655865070514
2026-06-12,17921,Friday,4,6,2026,2,-0.003336855569768038,-0.0033424352882489537,-0.011271692427877955,0,0.005657298045276286
2026-06-15,17719,Monday,0,6,2026,2,-0.011271692427877955,-0.011335699385319363,0.0019188441785653598,1,0.006308021684889563
2026-06-17,17753,Wednesday,2,6,2026,2,0.0019188441785653598,0.0019170055487282786,0.004111981073621429,1,0.006476882991500092
2026-06-18,17826,Thursday,3,6,2026,2,0.004111981073621429,0.004103549983865061,0.0,0,0.005764517836006235
2026-06-19,17826,Friday,4,6,2026,2,0.0,0.0,-0.0003926848423650986,0,0.005849605492258288
2026-06-22,17819,Monday,0,6,2026,2,-0.0003926848423650986,-0.00039276196324793887,0.0027498737302877885,1,0.005005675895191645
2026-06-23,17868,Tuesday,1,6,2026,2,0.0027498737302877885,0.0027460997445944713,0.004869039623908611,1,0.005199385792319196
2026-06-24,17955,Wednesday,2,6,2026,2,0.004869039623908611,0.0048572241881738665,-0.0007240323029796825,0,0.0054739814258407795
2026-06-25,17942,Thursday,3,6,2026,2,-0.0007240323029796825,-0.0007242945409543782,0.0011147029316687096,1,0.002235351760795632
2026-06-26,17962,Friday,4,6,2026,2,0.0011147029316687096,0.001114082111666195,-0.005901347288720604,0,0.002248114193973236
2026-06-29,17856,Monday,0,6,2026,2,-0.005901347288720604,-0.005918829049857528,0.0024081541218639035,1,0.0033586292161782187
2026-06-30,17899,Tuesday,1,6,2026,2,0.0024081541218639035,0.0024052591654625433,0.0034638806637241615,1,0.0034517043190893546
2026-07-01,17961,Wednesday,2,7,2026,3,0.0034638806637241615,0.0034578952469617443,0.0018373141807248583,1,0.0035747705243594796
2026-07-02,17994,Thursday,3,7,2026,3,0.0018373141807248583,0.0018356283836023061,-0.0018895187284649895,0,0.003522516939558634
2026-07-03,17960,Friday,4,7,2026,3,-0.0018895187284649895,-0.0018913061208734386,0.002171492204899872,1,0.0032009406244385857
2026-07-06,17999,Monday,0,7,2026,3,0.002171492204899872,0.0021691379232886524,-0.0006111450636145932,0,0.003271862568248346
2026-07-07,17988,Tuesday,1,7,2026,3,-0.0006111450636145932,-0.0006113318888810876,0.0009450744941070788,1,0.0032787552309326605
2026-07-08,18005,Wednesday,2,7,2026,3,0.0009450744941070788,0.0009446281923774926,0.0047209108580950065,1,0.0018616813381211815
2026-07-09,18090,Thursday,3,7,2026,3,0.0047209108580950065,0.00470980230636524,-0.0011608623548922115,0,0.0022716302010437274
2026-07-10,18069,Friday,4,7,2026,3,-0.0011608623548922115,-0.0011615366775100582,0.003431291161658079,1,0.0022845443339551516
2026-07-13,18131,Monday,0,7,2026,3,0.003431291161658079,0.003425417713977991,-0.0017649329877006403,0,0.0024696375690065283
2026-07-14,18099,Tuesday,1,7,2026,3,-0.0017649329877006403,-0.0017664923169373535,-0.001933808497707079,0,0.002444906490330307
2026-07-15,18064,Wednesday,2,7,2026,3,-0.001933808497707079,-0.0019356807194281982,-0.0012732506643047259,0,0.002631283589601428
2026-07-16,18041,Thursday,3,7,2026,3,-0.0012732506643047259,-0.001274061936640279,-0.005376642093010364,0,0.0026898345054050324
2026-07-17,17944,Friday,4,7,2026,3,-0.005376642093010364,-0.00539114825275876,0.00178332590280883,1,0.0034441894513452405
2026-07-20,17976,Monday,0,7,2026,3,0.00178332590280883,0.0017817376651209436,-0.003727191811303987,0,0.002831462152215378
2026-07-21,17909,Tuesday,1,7,2026,3,-0.003727191811303987,-0.0037341550984257422,0.0,0,0.0030305561302556364
2026-07-22,17909,Wednesday,2,7,2026,3,0.0,0.0,0.00033502708135579873,1,0.002344890663257475
2026-07-23,17915,Thursday,3,7,2026,3,0.00033502708135579873,0.00033497097231486016,0.003237510466089777,1,0.002474837927121577
2026-07-24,17973,Friday,4,7,2026,3,0.003237510466089777,0.0032322810129803204,0.0012240583096867486,1,0.0030199974202584235
2026-07-27,17995,Monday,0,7,2026,3,0.0012240583096867486,0.0012233097610964716,0.0051681022506251395,1,0.0030905284692442064
2026-07-28,18088,Tuesday,1,7,2026,3,0.0051681022506251395,0.0051547934446746655,-5.5285272003491315e-05,0,0.0027874722639729048
2026-07-29,18087,Wednesday,2,7,2026,3,-5.5285272003491315e-05,-5.528680029046967e-05,-0.0004975949577044059,0,0.002803616399015967
2026-07-30,18078,Thursday,3,7,2026,3,-0.0004975949577044059,-0.0004977187991589985,-0.0011063170704723735,0,0.002092713161915375
2026-07-31,18058,Friday,4,7,2026,3,-0.0011063170704723735,-0.0011069294909317221,-0.0037102669177095926,0,0.002247124759552962
2026-08-03,17991,Monday,0,8,2026,3,-0.0037102669177095926,-0.0037171670308050334,0.0025568339725419165,1,0.002922593890199714
2026-08-04,18037,Tuesday,1,8,2026,3,0.0025568339725419165,0.0025535708335798586,-0.0055441592282530205,0,0.0028307099562031065
2026-08-05,17937,Wednesday,2,8,2026,3,-0.0055441592282530205,-0.005559585121185099,-0.0010035122930256435,0,0.003601067976361199
2026-08-06,17919,Thursday,3,8,2026,3,-0.0010035122930256435,-0.0010040161485984818,-0.00033484011384565804,0,0.0026186141657102246
2026-08-07,17913,Friday,4,8,2026,3,-0.00033484011384565804,-0.00033489618531357856,-0.006587394629598564,0,0.002597782643742305
2026-08-10,17795,Monday,0,8,2026,3,-0.006587394629598564,-0.006609187270809012,0.0016296712559706883,1,0.0032070062380122576
2026-08-11,17824,Tuesday,1,8,2026,3,0.0016296712559706883,0.001628344782717429,0.002917414721723466,1,0.0035213044660472276
2026-08-12,17876,Wednesday,2,8,2026,3,0.002917414721723466,0.0029131673263315012,0.0003356455582903539,1,0.0038187001948291636
2026-08-13,17882,Thursday,3,8,2026,3,0.0003356455582903539,0.00033558924192116096,-0.0025724191924840767,0,0.0035665160894170268
2026-08-14,17836,Friday,4,8,2026,3,-0.0025724191924840767,-0.0025757335478961197,0.0011213276519399518,1,0.0031126503029585573
2026-08-18,17856,Tuesday,1,8,2026,3,0.0011213276519399518,0.0011206994336702698,-0.0006720430107527431,0,0.0031927644146211246
2026-08-19,17844,Wednesday,2,8,2026,3,-0.0006720430107527431,-0.0006722689328821566,-0.003642681013225735,0,0.0031923476918548437
2026-08-20,17779,Thursday,3,8,2026,3,-0.003642681013225735,-0.003649331731583732,-0.004162213847797913,0,0.002337912692141795
2026-08-21,17705,Friday,4,8,2026,3,-0.004162213847797913,-0.004170899970567494,-0.00011296243998870636,0,0.00262186289576551
2026-08-24,17703,Monday,0,8,2026,3,-0.00011296243998870636,-0.0001129688207256574,0.0007908264136022858,1,0.002068460025679131
2026-08-26,17717,Wednesday,2,8,2026,3,0.0007908264136022858,0.0007905138751589766,0.0025399333973019633,1,0.0021376746542270866
2026-08-27,17762,Thursday,3,8,2026,3,0.0025399333973019633,0.002536713218011985,-0.003321698006981233,0,0.0024841236030937034
2026-08-28,17703,Friday,4,8,2026,3,-0.003321698006981233,-0.0033272270931709903,0.0024289668417782906,1,0.0025406641060149336
2026-08-31,17746,Monday,0,8,2026,3,0.0024289668417782906,0.002426021670004689,-0.0010706638115631772,0,0.0028985605918565027
2026-09-01,17727,Tuesday,1,9,2026,3,-0.0010706638115631772,-0.0010712373814988035,,0,0.0026251005521401674
